order_item_id,order_id,product_id,quantity,unit_price,line_total,customer_id,order_datetime,payment_method,order_status,discount_code,discount_pct,discount_amount,shipping_fee,gross_amount,net_revenue,is_rto,product_name,collection,category,price,unit_cost,signup_date,city,acquisition_channel,age_group
1,1,3,1,1299.0,1299.0,1,2025-09-02 14:02:00,Prepaid,Delivered,NONE,0,0.0,0,2298.0,2298.0,0,Terry Oversized Tee,Noir,Tee,1299,650.0,2025-09-02,Nagpur,Organic/Direct,18-22
2,1,1,1,999.0,999.0,1,2025-09-02 14:02:00,Prepaid,Delivered,NONE,0,0.0,0,2298.0,2298.0,0,Oversized Tee - Noir,Noir,Tee,999,519.0,2025-09-02,Nagpur,Organic/Direct,18-22
3,2,5,2,1099.0,2198.0,2,2025-09-02 10:19:00,COD,Delivered,FESTIVE20,20,679.4,0,3397.0,2717.6,0,Men's Polo,Blanc,Polo,1099,550.0,2025-09-02,Mumbai,Organic/Direct,18-22
4,2,4,1,1199.0,1199.0,2,2025-09-02 10:19:00,COD,Delivered,FESTIVE20,20,679.4,0,3397.0,2717.6,0,Acid Wash Tee,Noir,Tee,1199,576.0,2025-09-02,Mumbai,Organic/Direct,18-22
5,3,7,1,1499.0,1499.0,3,2025-09-03 17:47:00,COD,Delivered,NONE,0,0.0,0,3797.0,3797.0,0,Sweatpants,Noir,Bottoms,1499,735.0,2025-09-03,Delhi,Referral,28-34
6,3,3,1,1299.0,1299.0,3,2025-09-03 17:47:00,COD,Delivered,NONE,0,0.0,0,3797.0,3797.0,0,Terry Oversized Tee,Noir,Tee,1299,650.0,2025-09-03,Delhi,Referral,28-34
7,3,1,1,999.0,999.0,3,2025-09-03 17:47:00,COD,Delivered,NONE,0,0.0,0,3797.0,3797.0,0,Oversized Tee - Noir,Noir,Tee,999,519.0,2025-09-03,Delhi,Referral,28-34
8,4,3,1,1299.0,1299.0,4,2025-09-04 11:38:00,COD,Delivered,FESTIVE20,20,259.8,49,1299.0,1088.2,0,Terry Oversized Tee,Noir,Tee,1299,650.0,2025-09-04,Nashik,Organic/Direct,28-34
9,5,6,1,1599.0,1599.0,5,2025-09-08 15:18:00,COD,Delivered,NONE,0,0.0,0,1599.0,1599.0,0,Oversized Shirt,Noir,Shirt,1599,752.0,2025-09-08,Delhi,Instagram Ads,23-27
10,6,11,1,2299.0,2299.0,6,2025-09-08 13:27:00,COD,RTO,FESTIVE20,20,599.6,0,2998.0,2398.4,1,Blanc Essentials Combo,Blanc,Combo,2299,1150.0,2025-09-08,Nashik,Instagram Ads,23-27
11,6,8,1,699.0,699.0,6,2025-09-08 13:27:00,COD,RTO,FESTIVE20,20,599.6,0,2998.0,2398.4,1,Baseball Cap,Blanc,Accessory,699,384.0,2025-09-08,Nashik,Instagram Ads,23-27
12,7,8,1,699.0,699.0,7,2025-09-09 09:09:00,Prepaid,Delivered,NONE,0,0.0,0,699.0,699.0,0,Baseball Cap,Blanc,Accessory,699,384.0,2025-09-09,Pune,Google Ads,18-22
13,8,4,2,1199.0,2398.0,8,2025-09-10 10:29:00,COD,RTO,REF10,10,589.7,0,5897.0,5307.3,1,Acid Wash Tee,Noir,Tee,1199,576.0,2025-09-10,Delhi,Organic/Direct,18-22
14,8,12,1,3499.0,3499.0,8,2025-09-10 10:29:00,COD,RTO,REF10,10,589.7,0,5897.0,5307.3,1,Full Fit Combo,Noir,Combo,3499,1715.0,2025-09-10,Delhi,Organic/Direct,18-22
15,9,8,1,699.0,699.0,9,2025-09-12 11:22:00,COD,RTO,WELCOME10,10,219.8,0,2198.0,1978.2,1,Baseball Cap,Blanc,Accessory,699,384.0,2025-09-12,Mumbai,Instagram Ads,23-27
16,9,7,1,1499.0,1499.0,9,2025-09-12 11:22:00,COD,RTO,WELCOME10,10,219.8,0,2198.0,1978.2,1,Sweatpants,Noir,Bottoms,1499,735.0,2025-09-12,Mumbai,Instagram Ads,23-27
17,10,6,1,1599.0,1599.0,10,2025-09-12 15:51:00,COD,Delivered,NONE,0,0.0,0,1599.0,1599.0,0,Oversized Shirt,Noir,Shirt,1599,752.0,2025-09-12,Lucknow,Organic/Direct,35+
18,11,6,1,1599.0,1599.0,11,2025-09-12 19:12:00,COD,RTO,NONE,0,0.0,0,1599.0,1599.0,1,Oversized Shirt,Noir,Shirt,1599,752.0,2025-09-12,Mumbai,Organic/Direct,28-34
19,12,11,2,2299.0,4598.0,12,2025-09-13 18:37:00,COD,Delivered,WELCOME10,10,459.8,0,4598.0,4138.2,0,Blanc Essentials Combo,Blanc,Combo,2299,1150.0,2025-09-13,Ahmedabad,Instagram Ads,18-22
20,13,2,2,999.0,1998.0,13,2025-09-13 16:00:00,COD,Delivered,NONE,0,0.0,0,1998.0,1998.0,0,Oversized Tee - Blanc,Blanc,Tee,999,519.0,2025-09-13,Pune,Organic/Direct,28-34
21,14,4,1,1199.0,1199.0,14,2025-09-18 12:43:00,COD,Delivered,WELCOME10,10,119.9,49,1199.0,1128.1,0,Acid Wash Tee,Noir,Tee,1199,576.0,2025-09-18,Bengaluru,Organic/Direct,23-27
22,15,11,1,2299.0,2299.0,15,2025-09-20 20:40:00,COD,Delivered,NONE,0,0.0,0,2299.0,2299.0,0,Blanc Essentials Combo,Blanc,Combo,2299,1150.0,2025-09-20,Bengaluru,Organic/Direct,23-27
23,16,3,2,1299.0,2598.0,16,2025-09-21 09:44:00,COD,RTO,NONE,0,0.0,0,2598.0,2598.0,1,Terry Oversized Tee,Noir,Tee,1299,650.0,2025-09-21,Mumbai,Organic/Direct,23-27
24,17,3,1,1299.0,1299.0,17,2025-09-21 17:05:00,COD,RTO,REF10,10,329.7,0,3297.0,2967.3,1,Terry Oversized Tee,Noir,Tee,1299,650.0,2025-09-21,Mumbai,Organic/Direct,23-27
25,17,2,2,999.0,1998.0,17,2025-09-21 17:05:00,COD,RTO,REF10,10,329.7,0,3297.0,2967.3,1,Oversized Tee - Blanc,Blanc,Tee,999,519.0,2025-09-21,Mumbai,Organic/Direct,23-27
26,18,4,1,1199.0,1199.0,18,2025-09-24 22:52:00,COD,Delivered,NONE,0,0.0,0,2498.0,2498.0,0,Acid Wash Tee,Noir,Tee,1199,576.0,2025-09-24,Kolkata,Instagram Ads,23-27
27,18,3,1,1299.0,1299.0,18,2025-09-24 22:52:00,COD,Delivered,NONE,0,0.0,0,2498.0,2498.0,0,Terry Oversized Tee,Noir,Tee,1299,650.0,2025-09-24,Kolkata,Instagram Ads,23-27
28,19,3,1,1299.0,1299.0,19,2025-09-25 14:32:00,COD,Delivered,NONE,0,0.0,0,2498.0,2498.0,0,Terry Oversized Tee,Noir,Tee,1299,650.0,2025-09-25,Delhi,Organic/Direct,28-34
29,19,4,1,1199.0,1199.0,19,2025-09-25 14:32:00,COD,Delivered,NONE,0,0.0,0,2498.0,2498.0,0,Acid Wash Tee,Noir,Tee,1199,576.0,2025-09-25,Delhi,Organic/Direct,28-34
30,20,3,1,1299.0,1299.0,20,2025-09-26 12:11:00,COD,Delivered,WELCOME10,10,479.8,0,4798.0,4318.2,0,Terry Oversized Tee,Noir,Tee,1299,650.0,2025-09-26,Bengaluru,Instagram Ads,18-22
31,20,12,1,3499.0,3499.0,20,2025-09-26 12:11:00,COD,Delivered,WELCOME10,10,479.8,0,4798.0,4318.2,0,Full Fit Combo,Noir,Combo,3499,1715.0,2025-09-26,Bengaluru,Instagram Ads,18-22
32,21,5,1,1099.0,1099.0,21,2025-09-26 17:24:00,COD,Delivered,REF10,10,109.9,49,1099.0,1038.1,0,Men's Polo,Blanc,Polo,1099,550.0,2025-09-26,Ahmedabad,Instagram Ads,18-22
33,22,8,1,699.0,699.0,22,2025-09-28 18:43:00,COD,Delivered,REF10,10,69.9,49,699.0,678.1,0,Baseball Cap,Blanc,Accessory,699,384.0,2025-09-28,Nagpur,Instagram Ads,23-27
34,23,1,2,999.0,1998.0,16,2025-09-28 14:05:00,COD,RTO,REF10,10,199.8,0,1998.0,1798.2,1,Oversized Tee - Noir,Noir,Tee,999,519.0,2025-09-21,Mumbai,Organic/Direct,23-27
35,24,4,1,1199.0,1199.0,23,2025-09-29 22:30:00,COD,Delivered,NONE,0,0.0,49,1199.0,1248.0,0,Acid Wash Tee,Noir,Tee,1199,576.0,2025-09-29,Delhi,Instagram Ads,23-27
36,25,7,1,1499.0,1499.0,24,2025-09-30 16:54:00,COD,Cancelled,NONE,0,0.0,0,4096.0,4096.0,0,Sweatpants,Noir,Bottoms,1499,735.0,2025-09-30,Hyderabad,Instagram Ads,18-22
37,25,4,1,1199.0,1199.0,24,2025-09-30 16:54:00,COD,Cancelled,NONE,0,0.0,0,4096.0,4096.0,0,Acid Wash Tee,Noir,Tee,1199,576.0,2025-09-30,Hyderabad,Instagram Ads,18-22
38,25,8,2,699.0,1398.0,24,2025-09-30 16:54:00,COD,Cancelled,NONE,0,0.0,0,4096.0,4096.0,0,Baseball Cap,Blanc,Accessory,699,384.0,2025-09-30,Hyderabad,Instagram Ads,18-22
39,26,1,2,999.0,1998.0,25,2025-10-05 14:50:00,COD,Delivered,FESTIVE20,20,399.6,0,1998.0,1598.4,0,Oversized Tee - Noir,Noir,Tee,999,519.0,2025-10-05,Jaipur,Instagram Ads,28-34
40,27,8,1,699.0,699.0,26,2025-10-06 17:05:00,COD,RTO,REF10,10,69.9,49,699.0,678.1,1,Baseball Cap,Blanc,Accessory,699,384.0,2025-10-06,Kolkata,Organic/Direct,23-27
41,28,10,1,2199.0,2199.0,27,2025-10-06 17:13:00,COD,Delivered,REF10,10,449.8,0,4498.0,4048.2,0,Noir Starter Combo,Noir,Combo,2199,1121.0,2025-10-06,Nagpur,Organic/Direct,23-27
42,28,11,1,2299.0,2299.0,27,2025-10-06 17:13:00,COD,Delivered,REF10,10,449.8,0,4498.0,4048.2,0,Blanc Essentials Combo,Blanc,Combo,2299,1150.0,2025-10-06,Nagpur,Organic/Direct,23-27
43,29,2,1,999.0,999.0,28,2025-10-08 14:22:00,COD,Delivered,NONE,0,0.0,0,3298.0,3298.0,0,Oversized Tee - Blanc,Blanc,Tee,999,519.0,2025-10-08,Nashik,Instagram Ads,23-27
44,29,11,1,2299.0,2299.0,28,2025-10-08 14:22:00,COD,Delivered,NONE,0,0.0,0,3298.0,3298.0,0,Blanc Essentials Combo,Blanc,Combo,2299,1150.0,2025-10-08,Nashik,Instagram Ads,23-27
45,30,9,1,999.0,999.0,29,2025-10-09 22:14:00,COD,Delivered,NONE,0,0.0,0,3198.0,3198.0,0,Terry Shorts,Blanc,Bottoms,999,500.0,2025-10-09,Mumbai,Influencer,23-27
46,30,10,1,2199.0,2199.0,29,2025-10-09 22:14:00,COD,Delivered,NONE,0,0.0,0,3198.0,3198.0,0,Noir Starter Combo,Noir,Combo,2199,1121.0,2025-10-09,Mumbai,Influencer,23-27
47,31,3,1,1299.0,1299.0,30,2025-10-09 18:04:00,COD,Delivered,NONE,0,0.0,49,1299.0,1348.0,0,Terry Oversized Tee,Noir,Tee,1299,650.0,2025-10-09,Delhi,Instagram Ads,23-27
48,32,12,1,3499.0,3499.0,31,2025-10-09 10:38:00,COD,Delivered,NONE,0,0.0,0,5697.0,5697.0,0,Full Fit Combo,Noir,Combo,3499,1715.0,2025-10-09,Nagpur,Instagram Ads,35+
49,32,1,1,999.0,999.0,31,2025-10-09 10:38:00,COD,Delivered,NONE,0,0.0,0,5697.0,5697.0,0,Oversized Tee - Noir,Noir,Tee,999,519.0,2025-10-09,Nagpur,Instagram Ads,35+
50,32,4,1,1199.0,1199.0,31,2025-10-09 10:38:00,COD,Delivered,NONE,0,0.0,0,5697.0,5697.0,0,Acid Wash Tee,Noir,Tee,1199,576.0,2025-10-09,Nagpur,Instagram Ads,35+
51,33,10,1,2199.0,2199.0,32,2025-10-11 17:25:00,COD,Delivered,WELCOME10,10,219.9,0,2199.0,1979.1,0,Noir Starter Combo,Noir,Combo,2199,1121.0,2025-10-11,Mumbai,Instagram Ads,23-27
52,34,7,1,1499.0,1499.0,33,2025-10-11 20:58:00,COD,Delivered,NONE,0,0.0,0,1499.0,1499.0,0,Sweatpants,Noir,Bottoms,1499,735.0,2025-10-11,Indore,Instagram Ads,18-22
53,35,12,1,3499.0,3499.0,34,2025-10-11 13:27:00,COD,RTO,NONE,0,0.0,0,6697.0,6697.0,1,Full Fit Combo,Noir,Combo,3499,1715.0,2025-10-11,Indore,Organic/Direct,23-27
54,35,6,2,1599.0,3198.0,34,2025-10-11 13:27:00,COD,RTO,NONE,0,0.0,0,6697.0,6697.0,1,Oversized Shirt,Noir,Shirt,1599,752.0,2025-10-11,Indore,Organic/Direct,23-27
55,36,6,1,1599.0,1599.0,35,2025-10-11 17:49:00,COD,Delivered,REF10,10,159.9,49,1599.0,1488.1,0,Oversized Shirt,Noir,Shirt,1599,752.0,2025-10-11,Kolkata,Organic/Direct,18-22
56,37,8,1,699.0,699.0,36,2025-10-11 08:26:00,COD,Delivered,FESTIVE20,20,339.6,49,1698.0,1407.4,0,Baseball Cap,Blanc,Accessory,699,384.0,2025-10-11,Lucknow,Referral,18-22
57,37,9,1,999.0,999.0,36,2025-10-11 08:26:00,COD,Delivered,FESTIVE20,20,339.6,49,1698.0,1407.4,0,Terry Shorts,Blanc,Bottoms,999,500.0,2025-10-11,Lucknow,Referral,18-22
58,38,2,1,999.0,999.0,37,2025-10-12 20:29:00,COD,Delivered,NONE,0,0.0,0,6496.0,6496.0,0,Oversized Tee - Blanc,Blanc,Tee,999,519.0,2025-10-12,Pune,Organic/Direct,28-34
59,38,11,1,2299.0,2299.0,37,2025-10-12 20:29:00,COD,Delivered,NONE,0,0.0,0,6496.0,6496.0,0,Blanc Essentials Combo,Blanc,Combo,2299,1150.0,2025-10-12,Pune,Organic/Direct,28-34
60,38,6,2,1599.0,3198.0,37,2025-10-12 20:29:00,COD,Delivered,NONE,0,0.0,0,6496.0,6496.0,0,Oversized Shirt,Noir,Shirt,1599,752.0,2025-10-12,Pune,Organic/Direct,28-34
61,39,2,1,999.0,999.0,38,2025-10-12 16:36:00,Prepaid,Delivered,LAUNCH15,15,449.55,0,2997.0,2547.45,0,Oversized Tee - Blanc,Blanc,Tee,999,519.0,2025-10-12,Hyderabad,Instagram Ads,18-22
62,39,9,2,999.0,1998.0,38,2025-10-12 16:36:00,Prepaid,Delivered,LAUNCH15,15,449.55,0,2997.0,2547.45,0,Terry Shorts,Blanc,Bottoms,999,500.0,2025-10-12,Hyderabad,Instagram Ads,18-22
63,40,4,1,1199.0,1199.0,39,2025-10-14 15:41:00,Prepaid,Delivered,REF10,10,119.9,0,1199.0,1079.1,0,Acid Wash Tee,Noir,Tee,1199,576.0,2025-10-14,Lucknow,Influencer,18-22
64,41,3,1,1299.0,1299.0,22,2025-10-14 12:12:00,Prepaid,Delivered,NONE,0,0.0,0,1299.0,1299.0,0,Terry Oversized Tee,Noir,Tee,1299,650.0,2025-09-28,Nagpur,Instagram Ads,23-27
65,42,8,1,699.0,699.0,40,2025-10-14 17:44:00,COD,Delivered,REF10,10,69.9,49,699.0,678.1,0,Baseball Cap,Blanc,Accessory,699,384.0,2025-10-14,Delhi,Organic/Direct,23-27
66,43,2,1,999.0,999.0,18,2025-10-15 08:20:00,COD,Delivered,WELCOME10,10,249.8,0,2498.0,2248.2,0,Oversized Tee - Blanc,Blanc,Tee,999,519.0,2025-09-24,Kolkata,Instagram Ads,23-27
67,43,7,1,1499.0,1499.0,18,2025-10-15 08:20:00,COD,Delivered,WELCOME10,10,249.8,0,2498.0,2248.2,0,Sweatpants,Noir,Bottoms,1499,735.0,2025-09-24,Kolkata,Instagram Ads,23-27
68,44,7,1,1499.0,1499.0,41,2025-10-15 15:20:00,COD,Delivered,NONE,0,0.0,0,1499.0,1499.0,0,Sweatpants,Noir,Bottoms,1499,735.0,2025-10-15,Pune,Organic/Direct,23-27
69,45,2,1,999.0,999.0,42,2025-10-16 12:10:00,COD,Delivered,WELCOME10,10,99.9,49,999.0,948.1,0,Oversized Tee - Blanc,Blanc,Tee,999,519.0,2025-10-16,Bengaluru,Instagram Ads,23-27
70,46,1,1,999.0,999.0,43,2025-10-16 11:32:00,COD,RTO,REF10,10,609.7,0,6097.0,5487.3,1,Oversized Tee - Noir,Noir,Tee,999,519.0,2025-10-16,Nagpur,Organic/Direct,23-27
71,46,12,1,3499.0,3499.0,43,2025-10-16 11:32:00,COD,RTO,REF10,10,609.7,0,6097.0,5487.3,1,Full Fit Combo,Noir,Combo,3499,1715.0,2025-10-16,Nagpur,Organic/Direct,23-27
72,46,6,1,1599.0,1599.0,43,2025-10-16 11:32:00,COD,RTO,REF10,10,609.7,0,6097.0,5487.3,1,Oversized Shirt,Noir,Shirt,1599,752.0,2025-10-16,Nagpur,Organic/Direct,23-27
73,47,9,1,999.0,999.0,44,2025-10-16 15:55:00,COD,RTO,NONE,0,0.0,49,999.0,1048.0,1,Terry Shorts,Blanc,Bottoms,999,500.0,2025-10-16,Indore,Instagram Ads,35+
74,48,3,1,1299.0,1299.0,45,2025-10-16 11:28:00,COD,Delivered,REF10,10,199.8,0,1998.0,1798.2,0,Terry Oversized Tee,Noir,Tee,1299,650.0,2025-10-16,Bengaluru,Influencer,23-27
75,48,8,1,699.0,699.0,45,2025-10-16 11:28:00,COD,Delivered,REF10,10,199.8,0,1998.0,1798.2,0,Baseball Cap,Blanc,Accessory,699,384.0,2025-10-16,Bengaluru,Influencer,23-27
76,49,2,1,999.0,999.0,46,2025-10-17 12:09:00,COD,RTO,NONE,0,0.0,0,2997.0,2997.0,1,Oversized Tee - Blanc,Blanc,Tee,999,519.0,2025-10-17,Pune,Referral,28-34
77,49,1,1,999.0,999.0,46,2025-10-17 12:09:00,COD,RTO,NONE,0,0.0,0,2997.0,2997.0,1,Oversized Tee - Noir,Noir,Tee,999,519.0,2025-10-17,Pune,Referral,28-34
78,49,9,1,999.0,999.0,46,2025-10-17 12:09:00,COD,RTO,NONE,0,0.0,0,2997.0,2997.0,1,Terry Shorts,Blanc,Bottoms,999,500.0,2025-10-17,Pune,Referral,28-34
79,50,9,2,999.0,1998.0,47,2025-10-17 17:37:00,COD,Delivered,REF10,10,199.8,0,1998.0,1798.2,0,Terry Shorts,Blanc,Bottoms,999,500.0,2025-10-17,Lucknow,Organic/Direct,23-27
80,51,1,1,999.0,999.0,48,2025-10-17 16:37:00,COD,Delivered,REF10,10,449.8,0,4498.0,4048.2,0,Oversized Tee - Noir,Noir,Tee,999,519.0,2025-10-17,Delhi,Organic/Direct,23-27
81,51,12,1,3499.0,3499.0,48,2025-10-17 16:37:00,COD,Delivered,REF10,10,449.8,0,4498.0,4048.2,0,Full Fit Combo,Noir,Combo,3499,1715.0,2025-10-17,Delhi,Organic/Direct,23-27
82,52,7,1,1499.0,1499.0,49,2025-10-18 13:52:00,COD,Returned,NONE,0,0.0,0,1499.0,1499.0,0,Sweatpants,Noir,Bottoms,1499,735.0,2025-10-18,Nashik,Organic/Direct,18-22
83,53,2,1,999.0,999.0,50,2025-10-18 18:41:00,Prepaid,Delivered,NONE,0,0.0,0,999.0,999.0,0,Oversized Tee - Blanc,Blanc,Tee,999,519.0,2025-10-18,Lucknow,Instagram Ads,28-34
84,54,7,2,1499.0,2998.0,51,2025-10-18 20:08:00,COD,Delivered,FESTIVE20,20,599.6,0,2998.0,2398.4,0,Sweatpants,Noir,Bottoms,1499,735.0,2025-10-18,Mumbai,Influencer,18-22
85,55,8,1,699.0,699.0,52,2025-10-18 12:04:00,Prepaid,Delivered,NONE,0,0.0,0,699.0,699.0,0,Baseball Cap,Blanc,Accessory,699,384.0,2025-10-18,Mumbai,Organic/Direct,23-27
86,56,11,1,2299.0,2299.0,53,2025-10-19 14:48:00,COD,RTO,FESTIVE20,20,1079.4,0,5397.0,4317.6,1,Blanc Essentials Combo,Blanc,Combo,2299,1150.0,2025-10-19,Indore,Referral,18-22
87,56,6,1,1599.0,1599.0,53,2025-10-19 14:48:00,COD,RTO,FESTIVE20,20,1079.4,0,5397.0,4317.6,1,Oversized Shirt,Noir,Shirt,1599,752.0,2025-10-19,Indore,Referral,18-22
88,56,7,1,1499.0,1499.0,53,2025-10-19 14:48:00,COD,RTO,FESTIVE20,20,1079.4,0,5397.0,4317.6,1,Sweatpants,Noir,Bottoms,1499,735.0,2025-10-19,Indore,Referral,18-22
89,57,5,1,1099.0,1099.0,41,2025-10-19 16:09:00,Prepaid,Delivered,NONE,0,0.0,0,7296.0,7296.0,0,Men's Polo,Blanc,Polo,1099,550.0,2025-10-15,Pune,Organic/Direct,23-27
90,57,6,1,1599.0,1599.0,41,2025-10-19 16:09:00,Prepaid,Delivered,NONE,0,0.0,0,7296.0,7296.0,0,Oversized Shirt,Noir,Shirt,1599,752.0,2025-10-15,Pune,Organic/Direct,23-27
91,57,11,2,2299.0,4598.0,41,2025-10-19 16:09:00,Prepaid,Delivered,NONE,0,0.0,0,7296.0,7296.0,0,Blanc Essentials Combo,Blanc,Combo,2299,1150.0,2025-10-15,Pune,Organic/Direct,23-27
92,58,8,1,699.0,699.0,33,2025-10-20 08:57:00,COD,Delivered,NONE,0,0.0,49,699.0,748.0,0,Baseball Cap,Blanc,Accessory,699,384.0,2025-10-11,Indore,Instagram Ads,18-22
93,59,10,1,2199.0,2199.0,54,2025-10-21 23:22:00,COD,Delivered,FESTIVE20,20,439.8,0,2199.0,1759.2,0,Noir Starter Combo,Noir,Combo,2199,1121.0,2025-10-21,Pune,Instagram Ads,35+
94,60,2,1,999.0,999.0,55,2025-10-21 12:51:00,COD,Delivered,LAUNCH15,15,149.85,49,999.0,898.15,0,Oversized Tee - Blanc,Blanc,Tee,999,519.0,2025-10-21,Bengaluru,Instagram Ads,23-27
95,61,4,1,1199.0,1199.0,56,2025-10-21 23:20:00,COD,Cancelled,LAUNCH15,15,404.7,0,2698.0,2293.3,0,Acid Wash Tee,Noir,Tee,1199,576.0,2025-10-21,Pune,Instagram Ads,23-27
96,61,7,1,1499.0,1499.0,56,2025-10-21 23:20:00,COD,Cancelled,LAUNCH15,15,404.7,0,2698.0,2293.3,0,Sweatpants,Noir,Bottoms,1499,735.0,2025-10-21,Pune,Instagram Ads,23-27
97,62,12,1,3499.0,3499.0,57,2025-10-22 15:05:00,COD,Delivered,NONE,0,0.0,0,4498.0,4498.0,0,Full Fit Combo,Noir,Combo,3499,1715.0,2025-10-22,Indore,Organic/Direct,23-27
98,62,1,1,999.0,999.0,57,2025-10-22 15:05:00,COD,Delivered,NONE,0,0.0,0,4498.0,4498.0,0,Oversized Tee - Noir,Noir,Tee,999,519.0,2025-10-22,Indore,Organic/Direct,23-27
99,63,8,1,699.0,699.0,58,2025-10-22 19:21:00,COD,Delivered,NONE,0,0.0,0,4197.0,4197.0,0,Baseball Cap,Blanc,Accessory,699,384.0,2025-10-22,Jaipur,Google Ads,18-22
100,63,3,1,1299.0,1299.0,58,2025-10-22 19:21:00,COD,Delivered,NONE,0,0.0,0,4197.0,4197.0,0,Terry Oversized Tee,Noir,Tee,1299,650.0,2025-10-22,Jaipur,Google Ads,18-22
101,63,10,1,2199.0,2199.0,58,2025-10-22 19:21:00,COD,Delivered,NONE,0,0.0,0,4197.0,4197.0,0,Noir Starter Combo,Noir,Combo,2199,1121.0,2025-10-22,Jaipur,Google Ads,18-22
102,64,2,1,999.0,999.0,59,2025-10-22 12:30:00,Prepaid,Delivered,NONE,0,0.0,0,999.0,999.0,0,Oversized Tee - Blanc,Blanc,Tee,999,519.0,2025-10-22,Nagpur,Referral,28-34
103,65,3,1,1299.0,1299.0,60,2025-10-23 08:33:00,COD,Delivered,WELCOME10,10,129.9,49,1299.0,1218.1,0,Terry Oversized Tee,Noir,Tee,1299,650.0,2025-10-23,Ahmedabad,Influencer,18-22
104,66,7,1,1499.0,1499.0,61,2025-10-23 17:10:00,Prepaid,Delivered,NONE,0,0.0,0,1499.0,1499.0,0,Sweatpants,Noir,Bottoms,1499,735.0,2025-10-23,Lucknow,Instagram Ads,18-22
105,67,7,1,1499.0,1499.0,62,2025-10-23 08:21:00,Prepaid,Delivered,NONE,0,0.0,0,1499.0,1499.0,0,Sweatpants,Noir,Bottoms,1499,735.0,2025-10-23,Pune,Influencer,23-27
106,68,1,1,999.0,999.0,63,2025-10-23 11:35:00,COD,Delivered,NONE,0,0.0,49,999.0,1048.0,0,Oversized Tee - Noir,Noir,Tee,999,519.0,2025-10-23,Mumbai,Organic/Direct,23-27
107,69,4,1,1199.0,1199.0,62,2025-10-23 21:35:00,COD,RTO,NONE,0,0.0,49,1199.0,1248.0,1,Acid Wash Tee,Noir,Tee,1199,576.0,2025-10-23,Pune,Influencer,23-27
108,70,11,1,2299.0,2299.0,64,2025-10-24 12:57:00,COD,Cancelled,WELCOME10,10,229.9,0,2299.0,2069.1,0,Blanc Essentials Combo,Blanc,Combo,2299,1150.0,2025-10-24,Nagpur,Instagram Ads,18-22
109,71,10,1,2199.0,2199.0,65,2025-10-25 18:02:00,COD,Delivered,NONE,0,0.0,0,3198.0,3198.0,0,Noir Starter Combo,Noir,Combo,2199,1121.0,2025-10-25,Nagpur,Organic/Direct,28-34
110,71,2,1,999.0,999.0,65,2025-10-25 18:02:00,COD,Delivered,NONE,0,0.0,0,3198.0,3198.0,0,Oversized Tee - Blanc,Blanc,Tee,999,519.0,2025-10-25,Nagpur,Organic/Direct,28-34
111,72,3,1,1299.0,1299.0,66,2025-10-26 15:13:00,COD,Delivered,NONE,0,0.0,0,3498.0,3498.0,0,Terry Oversized Tee,Noir,Tee,1299,650.0,2025-10-26,Mumbai,Referral,35+
112,72,10,1,2199.0,2199.0,66,2025-10-26 15:13:00,COD,Delivered,NONE,0,0.0,0,3498.0,3498.0,0,Noir Starter Combo,Noir,Combo,2199,1121.0,2025-10-26,Mumbai,Referral,35+
113,73,8,1,699.0,699.0,67,2025-10-26 08:52:00,COD,RTO,WELCOME10,10,69.9,49,699.0,678.1,1,Baseball Cap,Blanc,Accessory,699,384.0,2025-10-26,Nagpur,Organic/Direct,18-22
114,74,1,1,999.0,999.0,68,2025-10-26 17:05:00,COD,Delivered,NONE,0,0.0,49,999.0,1048.0,0,Oversized Tee - Noir,Noir,Tee,999,519.0,2025-10-26,Delhi,Referral,18-22
115,75,5,1,1099.0,1099.0,57,2025-10-27 13:21:00,COD,Returned,LAUNCH15,15,164.85,49,1099.0,983.15,0,Men's Polo,Blanc,Polo,1099,550.0,2025-10-22,Indore,Organic/Direct,23-27
116,76,1,2,999.0,1998.0,69,2025-10-28 13:47:00,Prepaid,Delivered,WELCOME10,10,199.8,0,1998.0,1798.2,0,Oversized Tee - Noir,Noir,Tee,999,519.0,2025-10-28,Mumbai,Instagram Ads,18-22
117,77,1,1,999.0,999.0,70,2025-10-28 14:02:00,COD,Delivered,NONE,0,0.0,0,2198.0,2198.0,0,Oversized Tee - Noir,Noir,Tee,999,519.0,2025-10-28,Bengaluru,Referral,28-34
118,77,4,1,1199.0,1199.0,70,2025-10-28 14:02:00,COD,Delivered,NONE,0,0.0,0,2198.0,2198.0,0,Acid Wash Tee,Noir,Tee,1199,576.0,2025-10-28,Bengaluru,Referral,28-34
119,78,3,1,1299.0,1299.0,71,2025-10-28 12:29:00,COD,Delivered,NONE,0,0.0,49,1299.0,1348.0,0,Terry Oversized Tee,Noir,Tee,1299,650.0,2025-10-28,Lucknow,Google Ads,23-27
120,79,5,1,1099.0,1099.0,72,2025-10-29 14:55:00,COD,RTO,NONE,0,0.0,0,2298.0,2298.0,1,Men's Polo,Blanc,Polo,1099,550.0,2025-10-29,Nashik,Organic/Direct,23-27
121,79,4,1,1199.0,1199.0,72,2025-10-29 14:55:00,COD,RTO,NONE,0,0.0,0,2298.0,2298.0,1,Acid Wash Tee,Noir,Tee,1199,576.0,2025-10-29,Nashik,Organic/Direct,23-27
122,80,8,1,699.0,699.0,73,2025-10-30 14:51:00,COD,RTO,WELCOME10,10,69.9,49,699.0,678.1,1,Baseball Cap,Blanc,Accessory,699,384.0,2025-10-30,Mumbai,Instagram Ads,18-22
123,81,8,1,699.0,699.0,74,2025-11-01 13:45:00,COD,Delivered,NONE,0,0.0,49,699.0,748.0,0,Baseball Cap,Blanc,Accessory,699,384.0,2025-11-01,Delhi,Instagram Ads,18-22
124,82,1,1,999.0,999.0,75,2025-11-01 15:34:00,COD,RTO,NONE,0,0.0,0,2298.0,2298.0,1,Oversized Tee - Noir,Noir,Tee,999,519.0,2025-11-01,Kolkata,Influencer,23-27
125,82,3,1,1299.0,1299.0,75,2025-11-01 15:34:00,COD,RTO,NONE,0,0.0,0,2298.0,2298.0,1,Terry Oversized Tee,Noir,Tee,1299,650.0,2025-11-01,Kolkata,Influencer,23-27
126,83,9,1,999.0,999.0,76,2025-11-01 21:40:00,COD,Delivered,NONE,0,0.0,49,999.0,1048.0,0,Terry Shorts,Blanc,Bottoms,999,500.0,2025-11-01,Hyderabad,Instagram Ads,28-34
127,84,2,1,999.0,999.0,77,2025-11-02 14:16:00,COD,RTO,NONE,0,0.0,0,1998.0,1998.0,1,Oversized Tee - Blanc,Blanc,Tee,999,519.0,2025-11-02,Mumbai,Referral,23-27
128,84,1,1,999.0,999.0,77,2025-11-02 14:16:00,COD,RTO,NONE,0,0.0,0,1998.0,1998.0,1,Oversized Tee - Noir,Noir,Tee,999,519.0,2025-11-02,Mumbai,Referral,23-27
129,85,3,1,1299.0,1299.0,78,2025-11-02 18:12:00,COD,Delivered,WELCOME10,10,129.9,49,1299.0,1218.1,0,Terry Oversized Tee,Noir,Tee,1299,650.0,2025-11-02,Nagpur,Influencer,35+
130,86,10,1,2199.0,2199.0,79,2025-11-02 18:01:00,COD,RTO,WELCOME10,10,319.8,0,3198.0,2878.2,1,Noir Starter Combo,Noir,Combo,2199,1121.0,2025-11-02,Ahmedabad,Organic/Direct,23-27
131,86,9,1,999.0,999.0,79,2025-11-02 18:01:00,COD,RTO,WELCOME10,10,319.8,0,3198.0,2878.2,1,Terry Shorts,Blanc,Bottoms,999,500.0,2025-11-02,Ahmedabad,Organic/Direct,23-27
132,87,2,1,999.0,999.0,80,2025-11-03 15:16:00,Prepaid,Delivered,NONE,0,0.0,0,999.0,999.0,0,Oversized Tee - Blanc,Blanc,Tee,999,519.0,2025-11-03,Hyderabad,Organic/Direct,23-27
133,88,8,2,699.0,1398.0,81,2025-11-03 12:43:00,Prepaid,Delivered,FESTIVE20,20,679.2,0,3396.0,2716.8,0,Baseball Cap,Blanc,Accessory,699,384.0,2025-11-03,Mumbai,Organic/Direct,18-22
134,88,9,2,999.0,1998.0,81,2025-11-03 12:43:00,Prepaid,Delivered,FESTIVE20,20,679.2,0,3396.0,2716.8,0,Terry Shorts,Blanc,Bottoms,999,500.0,2025-11-03,Mumbai,Organic/Direct,18-22
135,89,1,1,999.0,999.0,82,2025-11-04 11:21:00,Prepaid,Delivered,WELCOME10,10,99.9,0,999.0,899.1,0,Oversized Tee - Noir,Noir,Tee,999,519.0,2025-11-04,Nagpur,Instagram Ads,23-27
136,90,10,1,2199.0,2199.0,26,2025-11-04 15:38:00,COD,RTO,NONE,0,0.0,0,3198.0,3198.0,1,Noir Starter Combo,Noir,Combo,2199,1121.0,2025-10-06,Kolkata,Organic/Direct,23-27
137,90,2,1,999.0,999.0,26,2025-11-04 15:38:00,COD,RTO,NONE,0,0.0,0,3198.0,3198.0,1,Oversized Tee - Blanc,Blanc,Tee,999,519.0,2025-10-06,Kolkata,Organic/Direct,23-27
138,91,10,1,2199.0,2199.0,83,2025-11-04 15:49:00,COD,Delivered,NONE,0,0.0,0,3498.0,3498.0,0,Noir Starter Combo,Noir,Combo,2199,1121.0,2025-11-04,Nagpur,Referral,18-22
139,91,3,1,1299.0,1299.0,83,2025-11-04 15:49:00,COD,Delivered,NONE,0,0.0,0,3498.0,3498.0,0,Terry Oversized Tee,Noir,Tee,1299,650.0,2025-11-04,Nagpur,Referral,18-22
140,92,7,1,1499.0,1499.0,84,2025-11-05 18:28:00,Prepaid,RTO,WELCOME10,10,149.9,0,1499.0,1349.1,1,Sweatpants,Noir,Bottoms,1499,735.0,2025-11-05,Hyderabad,Organic/Direct,23-27
141,93,7,1,1499.0,1499.0,85,2025-11-06 14:13:00,COD,Cancelled,NONE,0,0.0,0,1499.0,1499.0,0,Sweatpants,Noir,Bottoms,1499,735.0,2025-11-06,Indore,Influencer,18-22
142,94,9,1,999.0,999.0,86,2025-11-06 11:35:00,COD,Delivered,NONE,0,0.0,0,2098.0,2098.0,0,Terry Shorts,Blanc,Bottoms,999,500.0,2025-11-06,Nagpur,Google Ads,18-22
143,94,5,1,1099.0,1099.0,86,2025-11-06 11:35:00,COD,Delivered,NONE,0,0.0,0,2098.0,2098.0,0,Men's Polo,Blanc,Polo,1099,550.0,2025-11-06,Nagpur,Google Ads,18-22
144,95,3,1,1299.0,1299.0,66,2025-11-07 21:37:00,COD,Delivered,NONE,0,0.0,0,3997.0,3997.0,0,Terry Oversized Tee,Noir,Tee,1299,650.0,2025-10-26,Mumbai,Referral,35+
145,95,4,1,1199.0,1199.0,66,2025-11-07 21:37:00,COD,Delivered,NONE,0,0.0,0,3997.0,3997.0,0,Acid Wash Tee,Noir,Tee,1199,576.0,2025-10-26,Mumbai,Referral,35+
146,95,7,1,1499.0,1499.0,66,2025-11-07 21:37:00,COD,Delivered,NONE,0,0.0,0,3997.0,3997.0,0,Sweatpants,Noir,Bottoms,1499,735.0,2025-10-26,Mumbai,Referral,35+
147,96,4,1,1199.0,1199.0,87,2025-11-07 08:09:00,COD,RTO,LAUNCH15,15,179.85,49,1199.0,1068.15,1,Acid Wash Tee,Noir,Tee,1199,576.0,2025-11-07,Delhi,Influencer,18-22
148,97,2,2,999.0,1998.0,88,2025-11-08 08:26:00,COD,Delivered,WELCOME10,10,199.8,0,1998.0,1798.2,0,Oversized Tee - Blanc,Blanc,Tee,999,519.0,2025-11-08,Kolkata,Instagram Ads,23-27
149,98,9,1,999.0,999.0,89,2025-11-08 12:28:00,COD,Returned,REF10,10,99.9,49,999.0,948.1,0,Terry Shorts,Blanc,Bottoms,999,500.0,2025-11-08,Nagpur,Influencer,23-27
150,99,2,1,999.0,999.0,90,2025-11-09 10:10:00,COD,RTO,LAUNCH15,15,149.85,49,999.0,898.15,1,Oversized Tee - Blanc,Blanc,Tee,999,519.0,2025-11-09,Lucknow,Organic/Direct,28-34
151,100,8,1,699.0,699.0,33,2025-11-09 17:19:00,COD,RTO,WELCOME10,10,69.9,49,699.0,678.1,1,Baseball Cap,Blanc,Accessory,699,384.0,2025-10-11,Indore,Instagram Ads,18-22
152,101,9,1,999.0,999.0,91,2025-11-09 16:26:00,COD,Delivered,LAUNCH15,15,149.85,49,999.0,898.15,0,Terry Shorts,Blanc,Bottoms,999,500.0,2025-11-09,Bengaluru,Instagram Ads,23-27
153,102,11,1,2299.0,2299.0,92,2025-11-09 12:55:00,COD,Delivered,WELCOME10,10,329.8,0,3298.0,2968.2,0,Blanc Essentials Combo,Blanc,Combo,2299,1150.0,2025-11-09,Nagpur,Organic/Direct,28-34
154,102,9,1,999.0,999.0,92,2025-11-09 12:55:00,COD,Delivered,WELCOME10,10,329.8,0,3298.0,2968.2,0,Terry Shorts,Blanc,Bottoms,999,500.0,2025-11-09,Nagpur,Organic/Direct,28-34
155,103,12,1,3499.0,3499.0,93,2025-11-09 16:34:00,COD,Delivered,REF10,10,349.9,0,3499.0,3149.1,0,Full Fit Combo,Noir,Combo,3499,1715.0,2025-11-09,Kolkata,Google Ads,23-27
156,104,5,1,1099.0,1099.0,94,2025-11-10 16:00:00,COD,Delivered,NONE,0,0.0,0,3298.0,3298.0,0,Men's Polo,Blanc,Polo,1099,550.0,2025-11-10,Indore,Influencer,18-22
157,104,10,1,2199.0,2199.0,94,2025-11-10 16:00:00,COD,Delivered,NONE,0,0.0,0,3298.0,3298.0,0,Noir Starter Combo,Noir,Combo,2199,1121.0,2025-11-10,Indore,Influencer,18-22
158,105,1,1,999.0,999.0,95,2025-11-10 16:45:00,COD,Delivered,WELCOME10,10,99.9,49,999.0,948.1,0,Oversized Tee - Noir,Noir,Tee,999,519.0,2025-11-10,Pune,Influencer,23-27
159,106,7,1,1499.0,1499.0,96,2025-11-10 10:36:00,COD,Delivered,WELCOME10,10,149.9,49,1499.0,1398.1,0,Sweatpants,Noir,Bottoms,1499,735.0,2025-11-10,Bengaluru,Referral,28-34
160,107,12,1,3499.0,3499.0,97,2025-11-11 10:28:00,Prepaid,Delivered,FESTIVE20,20,699.8,0,3499.0,2799.2,0,Full Fit Combo,Noir,Combo,3499,1715.0,2025-11-11,Lucknow,Organic/Direct,35+
161,108,7,1,1499.0,1499.0,98,2025-11-11 13:16:00,COD,Delivered,REF10,10,149.9,49,1499.0,1398.1,0,Sweatpants,Noir,Bottoms,1499,735.0,2025-11-11,Nagpur,Organic/Direct,23-27
162,109,7,1,1499.0,1499.0,99,2025-11-12 14:48:00,COD,Delivered,NONE,0,0.0,0,1499.0,1499.0,0,Sweatpants,Noir,Bottoms,1499,735.0,2025-11-12,Nagpur,Instagram Ads,23-27
163,110,2,1,999.0,999.0,100,2025-11-12 17:24:00,COD,Delivered,NONE,0,0.0,49,999.0,1048.0,0,Oversized Tee - Blanc,Blanc,Tee,999,519.0,2025-11-12,Nagpur,Organic/Direct,35+
164,111,8,1,699.0,699.0,101,2025-11-12 11:35:00,COD,Returned,NONE,0,0.0,49,699.0,748.0,0,Baseball Cap,Blanc,Accessory,699,384.0,2025-11-12,Nashik,Influencer,18-22
165,112,7,1,1499.0,1499.0,102,2025-11-13 23:23:00,Prepaid,Cancelled,NONE,0,0.0,0,1499.0,1499.0,0,Sweatpants,Noir,Bottoms,1499,735.0,2025-11-13,Jaipur,Google Ads,18-22
166,113,1,1,999.0,999.0,103,2025-11-13 17:46:00,COD,Delivered,FESTIVE20,20,439.6,0,2198.0,1758.4,0,Oversized Tee - Noir,Noir,Tee,999,519.0,2025-11-13,Delhi,Referral,18-22
167,113,4,1,1199.0,1199.0,103,2025-11-13 17:46:00,COD,Delivered,FESTIVE20,20,439.6,0,2198.0,1758.4,0,Acid Wash Tee,Noir,Tee,1199,576.0,2025-11-13,Delhi,Referral,18-22
168,114,10,1,2199.0,2199.0,104,2025-11-13 13:04:00,COD,Delivered,NONE,0,0.0,0,2199.0,2199.0,0,Noir Starter Combo,Noir,Combo,2199,1121.0,2025-11-13,Hyderabad,Organic/Direct,23-27
169,115,8,1,699.0,699.0,105,2025-11-14 11:32:00,COD,Delivered,LAUNCH15,15,479.55,0,3197.0,2717.45,0,Baseball Cap,Blanc,Accessory,699,384.0,2025-11-14,Mumbai,Organic/Direct,23-27
170,115,7,1,1499.0,1499.0,105,2025-11-14 11:32:00,COD,Delivered,LAUNCH15,15,479.55,0,3197.0,2717.45,0,Sweatpants,Noir,Bottoms,1499,735.0,2025-11-14,Mumbai,Organic/Direct,23-27
171,115,9,1,999.0,999.0,105,2025-11-14 11:32:00,COD,Delivered,LAUNCH15,15,479.55,0,3197.0,2717.45,0,Terry Shorts,Blanc,Bottoms,999,500.0,2025-11-14,Mumbai,Organic/Direct,23-27
172,116,11,1,2299.0,2299.0,55,2025-11-14 17:59:00,COD,Delivered,NONE,0,0.0,0,3298.0,3298.0,0,Blanc Essentials Combo,Blanc,Combo,2299,1150.0,2025-10-21,Bengaluru,Instagram Ads,23-27
173,116,2,1,999.0,999.0,55,2025-11-14 17:59:00,COD,Delivered,NONE,0,0.0,0,3298.0,3298.0,0,Oversized Tee - Blanc,Blanc,Tee,999,519.0,2025-10-21,Bengaluru,Instagram Ads,23-27
174,117,10,1,2199.0,2199.0,106,2025-11-15 10:21:00,COD,RTO,NONE,0,0.0,0,2199.0,2199.0,1,Noir Starter Combo,Noir,Combo,2199,1121.0,2025-11-15,Bengaluru,Google Ads,23-27
175,118,12,2,3499.0,6998.0,91,2025-11-15 11:09:00,COD,Delivered,NONE,0,0.0,0,6998.0,6998.0,0,Full Fit Combo,Noir,Combo,3499,1715.0,2025-11-09,Bengaluru,Instagram Ads,23-27
176,119,11,2,2299.0,4598.0,107,2025-11-15 17:18:00,COD,Delivered,WELCOME10,10,459.8,0,4598.0,4138.2,0,Blanc Essentials Combo,Blanc,Combo,2299,1150.0,2025-11-15,Bengaluru,Organic/Direct,23-27
177,120,8,2,699.0,1398.0,21,2025-11-15 17:36:00,Prepaid,Delivered,LAUNCH15,15,1019.25,0,6795.0,5775.75,0,Baseball Cap,Blanc,Accessory,699,384.0,2025-09-26,Ahmedabad,Instagram Ads,18-22
178,120,10,2,2199.0,4398.0,21,2025-11-15 17:36:00,Prepaid,Delivered,LAUNCH15,15,1019.25,0,6795.0,5775.75,0,Noir Starter Combo,Noir,Combo,2199,1121.0,2025-09-26,Ahmedabad,Instagram Ads,18-22
179,120,1,1,999.0,999.0,21,2025-11-15 17:36:00,Prepaid,Delivered,LAUNCH15,15,1019.25,0,6795.0,5775.75,0,Oversized Tee - Noir,Noir,Tee,999,519.0,2025-09-26,Ahmedabad,Instagram Ads,18-22
180,121,2,1,999.0,999.0,108,2025-11-16 13:35:00,Prepaid,Delivered,LAUNCH15,15,149.85,0,999.0,849.15,0,Oversized Tee - Blanc,Blanc,Tee,999,519.0,2025-11-16,Nagpur,Organic/Direct,23-27
181,122,4,1,1199.0,1199.0,109,2025-11-16 16:11:00,Prepaid,Cancelled,NONE,0,0.0,0,1199.0,1199.0,0,Acid Wash Tee,Noir,Tee,1199,576.0,2025-11-16,Indore,Instagram Ads,28-34
182,123,3,1,1299.0,1299.0,110,2025-11-16 13:30:00,COD,Delivered,WELCOME10,10,129.9,49,1299.0,1218.1,0,Terry Oversized Tee,Noir,Tee,1299,650.0,2025-11-16,Delhi,Organic/Direct,23-27
183,124,4,1,1199.0,1199.0,111,2025-11-17 15:28:00,COD,Delivered,FESTIVE20,20,379.6,0,1898.0,1518.4,0,Acid Wash Tee,Noir,Tee,1199,576.0,2025-11-17,Lucknow,Organic/Direct,18-22
184,124,8,1,699.0,699.0,111,2025-11-17 15:28:00,COD,Delivered,FESTIVE20,20,379.6,0,1898.0,1518.4,0,Baseball Cap,Blanc,Accessory,699,384.0,2025-11-17,Lucknow,Organic/Direct,18-22
185,125,8,1,699.0,699.0,112,2025-11-17 08:50:00,Prepaid,Delivered,NONE,0,0.0,0,699.0,699.0,0,Baseball Cap,Blanc,Accessory,699,384.0,2025-11-17,Pune,Referral,18-22
186,126,3,1,1299.0,1299.0,113,2025-11-18 19:07:00,COD,Returned,NONE,0,0.0,49,1299.0,1348.0,0,Terry Oversized Tee,Noir,Tee,1299,650.0,2025-11-18,Nagpur,Instagram Ads,18-22
187,127,12,1,3499.0,3499.0,114,2025-11-18 08:50:00,COD,Delivered,LAUNCH15,15,854.7,0,5698.0,4843.3,0,Full Fit Combo,Noir,Combo,3499,1715.0,2025-11-18,Mumbai,Organic/Direct,28-34
188,127,10,1,2199.0,2199.0,114,2025-11-18 08:50:00,COD,Delivered,LAUNCH15,15,854.7,0,5698.0,4843.3,0,Noir Starter Combo,Noir,Combo,2199,1121.0,2025-11-18,Mumbai,Organic/Direct,28-34
189,128,8,1,699.0,699.0,60,2025-11-19 13:09:00,COD,Delivered,REF10,10,219.8,0,2198.0,1978.2,0,Baseball Cap,Blanc,Accessory,699,384.0,2025-10-23,Ahmedabad,Influencer,18-22
190,128,7,1,1499.0,1499.0,60,2025-11-19 13:09:00,COD,Delivered,REF10,10,219.8,0,2198.0,1978.2,0,Sweatpants,Noir,Bottoms,1499,735.0,2025-10-23,Ahmedabad,Influencer,18-22
191,129,1,1,999.0,999.0,115,2025-11-19 11:59:00,Prepaid,Delivered,REF10,10,99.9,0,999.0,899.1,0,Oversized Tee - Noir,Noir,Tee,999,519.0,2025-11-19,Delhi,Organic/Direct,18-22
192,130,5,1,1099.0,1099.0,116,2025-11-21 08:30:00,COD,Delivered,NONE,0,0.0,49,1099.0,1148.0,0,Men's Polo,Blanc,Polo,1099,550.0,2025-11-21,Kolkata,Organic/Direct,23-27
193,131,8,1,699.0,699.0,117,2025-11-21 12:58:00,COD,Cancelled,REF10,10,369.7,0,3697.0,3327.3,0,Baseball Cap,Blanc,Accessory,699,384.0,2025-11-21,Lucknow,Instagram Ads,35+
194,131,7,2,1499.0,2998.0,117,2025-11-21 12:58:00,COD,Cancelled,REF10,10,369.7,0,3697.0,3327.3,0,Sweatpants,Noir,Bottoms,1499,735.0,2025-11-21,Lucknow,Instagram Ads,35+
195,132,1,1,999.0,999.0,118,2025-11-21 18:33:00,COD,RTO,REF10,10,99.9,49,999.0,948.1,1,Oversized Tee - Noir,Noir,Tee,999,519.0,2025-11-21,Bengaluru,Organic/Direct,28-34
196,133,10,2,2199.0,4398.0,119,2025-11-22 18:27:00,COD,Delivered,WELCOME10,10,439.8,0,4398.0,3958.2,0,Noir Starter Combo,Noir,Combo,2199,1121.0,2025-11-22,Nagpur,Instagram Ads,28-34
197,134,1,1,999.0,999.0,120,2025-11-22 11:50:00,COD,Delivered,NONE,0,0.0,0,4197.0,4197.0,0,Oversized Tee - Noir,Noir,Tee,999,519.0,2025-11-22,Ahmedabad,Organic/Direct,23-27
198,134,2,1,999.0,999.0,120,2025-11-22 11:50:00,COD,Delivered,NONE,0,0.0,0,4197.0,4197.0,0,Oversized Tee - Blanc,Blanc,Tee,999,519.0,2025-11-22,Ahmedabad,Organic/Direct,23-27
199,134,10,1,2199.0,2199.0,120,2025-11-22 11:50:00,COD,Delivered,NONE,0,0.0,0,4197.0,4197.0,0,Noir Starter Combo,Noir,Combo,2199,1121.0,2025-11-22,Ahmedabad,Organic/Direct,23-27
200,135,8,1,699.0,699.0,121,2025-11-22 14:48:00,COD,Delivered,NONE,0,0.0,0,1698.0,1698.0,0,Baseball Cap,Blanc,Accessory,699,384.0,2025-11-22,Bengaluru,Organic/Direct,23-27
201,135,9,1,999.0,999.0,121,2025-11-22 14:48:00,COD,Delivered,NONE,0,0.0,0,1698.0,1698.0,0,Terry Shorts,Blanc,Bottoms,999,500.0,2025-11-22,Bengaluru,Organic/Direct,23-27
202,136,1,1,999.0,999.0,122,2025-11-22 11:02:00,COD,Delivered,NONE,0,0.0,49,999.0,1048.0,0,Oversized Tee - Noir,Noir,Tee,999,519.0,2025-11-22,Bengaluru,Organic/Direct,23-27
203,137,1,1,999.0,999.0,123,2025-11-24 19:13:00,COD,RTO,REF10,10,99.9,49,999.0,948.1,1,Oversized Tee - Noir,Noir,Tee,999,519.0,2025-11-24,Nagpur,Referral,23-27
204,138,7,1,1499.0,1499.0,124,2025-11-24 17:38:00,Prepaid,Delivered,WELCOME10,10,149.9,0,1499.0,1349.1,0,Sweatpants,Noir,Bottoms,1499,735.0,2025-11-24,Hyderabad,Instagram Ads,18-22
205,139,10,1,2199.0,2199.0,80,2025-11-24 19:42:00,COD,Delivered,REF10,10,349.8,0,3498.0,3148.2,0,Noir Starter Combo,Noir,Combo,2199,1121.0,2025-11-03,Hyderabad,Organic/Direct,23-27
206,139,3,1,1299.0,1299.0,80,2025-11-24 19:42:00,COD,Delivered,REF10,10,349.8,0,3498.0,3148.2,0,Terry Oversized Tee,Noir,Tee,1299,650.0,2025-11-03,Hyderabad,Organic/Direct,23-27
207,140,10,1,2199.0,2199.0,125,2025-11-26 12:44:00,COD,Delivered,REF10,10,219.9,0,2199.0,1979.1,0,Noir Starter Combo,Noir,Combo,2199,1121.0,2025-11-26,Delhi,Influencer,18-22
208,141,9,1,999.0,999.0,126,2025-11-27 17:35:00,COD,Delivered,NONE,0,0.0,0,4498.0,4498.0,0,Terry Shorts,Blanc,Bottoms,999,500.0,2025-11-27,Nagpur,Organic/Direct,23-27
209,141,12,1,3499.0,3499.0,126,2025-11-27 17:35:00,COD,Delivered,NONE,0,0.0,0,4498.0,4498.0,0,Full Fit Combo,Noir,Combo,3499,1715.0,2025-11-27,Nagpur,Organic/Direct,23-27
210,142,10,1,2199.0,2199.0,127,2025-11-27 21:28:00,COD,RTO,REF10,10,219.9,0,2199.0,1979.1,1,Noir Starter Combo,Noir,Combo,2199,1121.0,2025-11-27,Nashik,Organic/Direct,18-22
211,143,7,1,1499.0,1499.0,128,2025-11-27 18:57:00,COD,Delivered,NONE,0,0.0,0,1499.0,1499.0,0,Sweatpants,Noir,Bottoms,1499,735.0,2025-11-27,Nagpur,Organic/Direct,23-27
212,144,2,1,999.0,999.0,108,2025-11-28 19:29:00,Prepaid,RTO,FESTIVE20,20,659.4,0,3297.0,2637.6,1,Oversized Tee - Blanc,Blanc,Tee,999,519.0,2025-11-16,Nagpur,Organic/Direct,23-27
213,144,3,1,1299.0,1299.0,108,2025-11-28 19:29:00,Prepaid,RTO,FESTIVE20,20,659.4,0,3297.0,2637.6,1,Terry Oversized Tee,Noir,Tee,1299,650.0,2025-11-16,Nagpur,Organic/Direct,23-27
214,144,9,1,999.0,999.0,108,2025-11-28 19:29:00,Prepaid,RTO,FESTIVE20,20,659.4,0,3297.0,2637.6,1,Terry Shorts,Blanc,Bottoms,999,500.0,2025-11-16,Nagpur,Organic/Direct,23-27
215,145,4,2,1199.0,2398.0,84,2025-11-29 15:56:00,COD,Delivered,LAUNCH15,15,359.7,0,2398.0,2038.3,0,Acid Wash Tee,Noir,Tee,1199,576.0,2025-11-05,Hyderabad,Organic/Direct,23-27
216,146,8,1,699.0,699.0,108,2025-11-29 17:33:00,COD,Delivered,WELCOME10,10,69.9,49,699.0,678.1,0,Baseball Cap,Blanc,Accessory,699,384.0,2025-11-16,Nagpur,Organic/Direct,23-27
217,147,8,1,699.0,699.0,129,2025-11-30 19:47:00,Prepaid,Delivered,LAUNCH15,15,104.85,0,699.0,594.15,0,Baseball Cap,Blanc,Accessory,699,384.0,2025-11-30,Kolkata,Organic/Direct,18-22
218,148,1,2,999.0,1998.0,130,2025-11-30 08:27:00,COD,RTO,NONE,0,0.0,0,1998.0,1998.0,1,Oversized Tee - Noir,Noir,Tee,999,519.0,2025-11-30,Hyderabad,Instagram Ads,28-34
219,149,3,2,1299.0,2598.0,131,2025-11-30 21:45:00,COD,Delivered,NONE,0,0.0,0,2598.0,2598.0,0,Terry Oversized Tee,Noir,Tee,1299,650.0,2025-11-30,Mumbai,Organic/Direct,18-22
220,150,9,1,999.0,999.0,79,2025-11-30 16:33:00,COD,Delivered,WELCOME10,10,99.9,49,999.0,948.1,0,Terry Shorts,Blanc,Bottoms,999,500.0,2025-11-02,Ahmedabad,Organic/Direct,23-27
221,151,12,1,3499.0,3499.0,8,2025-12-01 10:43:00,COD,Delivered,REF10,10,569.8,0,5698.0,5128.2,0,Full Fit Combo,Noir,Combo,3499,1715.0,2025-09-10,Delhi,Organic/Direct,18-22
222,151,10,1,2199.0,2199.0,8,2025-12-01 10:43:00,COD,Delivered,REF10,10,569.8,0,5698.0,5128.2,0,Noir Starter Combo,Noir,Combo,2199,1121.0,2025-09-10,Delhi,Organic/Direct,18-22
223,152,11,1,2299.0,2299.0,132,2025-12-02 14:51:00,Prepaid,Delivered,REF10,10,329.8,0,3298.0,2968.2,0,Blanc Essentials Combo,Blanc,Combo,2299,1150.0,2025-12-02,Kolkata,Referral,23-27
224,152,1,1,999.0,999.0,132,2025-12-02 14:51:00,Prepaid,Delivered,REF10,10,329.8,0,3298.0,2968.2,0,Oversized Tee - Noir,Noir,Tee,999,519.0,2025-12-02,Kolkata,Referral,23-27
225,153,10,2,2199.0,4398.0,133,2025-12-02 08:06:00,COD,Delivered,WELCOME10,10,439.8,0,4398.0,3958.2,0,Noir Starter Combo,Noir,Combo,2199,1121.0,2025-12-02,Bengaluru,Organic/Direct,18-22
226,154,8,1,699.0,699.0,34,2025-12-03 15:58:00,COD,Delivered,NONE,0,0.0,0,1898.0,1898.0,0,Baseball Cap,Blanc,Accessory,699,384.0,2025-10-11,Indore,Organic/Direct,23-27
227,154,4,1,1199.0,1199.0,34,2025-12-03 15:58:00,COD,Delivered,NONE,0,0.0,0,1898.0,1898.0,0,Acid Wash Tee,Noir,Tee,1199,576.0,2025-10-11,Indore,Organic/Direct,23-27
228,155,12,1,3499.0,3499.0,134,2025-12-03 13:21:00,COD,RTO,WELCOME10,10,449.8,0,4498.0,4048.2,1,Full Fit Combo,Noir,Combo,3499,1715.0,2025-12-03,Nagpur,Organic/Direct,18-22
229,155,1,1,999.0,999.0,134,2025-12-03 13:21:00,COD,RTO,WELCOME10,10,449.8,0,4498.0,4048.2,1,Oversized Tee - Noir,Noir,Tee,999,519.0,2025-12-03,Nagpur,Organic/Direct,18-22
230,156,9,1,999.0,999.0,57,2025-12-04 16:54:00,COD,Delivered,NONE,0,0.0,0,3198.0,3198.0,0,Terry Shorts,Blanc,Bottoms,999,500.0,2025-10-22,Indore,Organic/Direct,23-27
231,156,10,1,2199.0,2199.0,57,2025-12-04 16:54:00,COD,Delivered,NONE,0,0.0,0,3198.0,3198.0,0,Noir Starter Combo,Noir,Combo,2199,1121.0,2025-10-22,Indore,Organic/Direct,23-27
232,157,10,1,2199.0,2199.0,135,2025-12-04 14:01:00,COD,Delivered,FESTIVE20,20,439.8,0,2199.0,1759.2,0,Noir Starter Combo,Noir,Combo,2199,1121.0,2025-12-04,Bengaluru,Instagram Ads,23-27
233,158,8,1,699.0,699.0,136,2025-12-05 13:07:00,COD,Delivered,NONE,0,0.0,0,3297.0,3297.0,0,Baseball Cap,Blanc,Accessory,699,384.0,2025-12-05,Nagpur,Organic/Direct,35+
234,158,7,1,1499.0,1499.0,136,2025-12-05 13:07:00,COD,Delivered,NONE,0,0.0,0,3297.0,3297.0,0,Sweatpants,Noir,Bottoms,1499,735.0,2025-12-05,Nagpur,Organic/Direct,35+
235,158,5,1,1099.0,1099.0,136,2025-12-05 13:07:00,COD,Delivered,NONE,0,0.0,0,3297.0,3297.0,0,Men's Polo,Blanc,Polo,1099,550.0,2025-12-05,Nagpur,Organic/Direct,35+
236,159,3,1,1299.0,1299.0,30,2025-12-05 18:53:00,Prepaid,Delivered,LAUNCH15,15,194.85,0,1299.0,1104.15,0,Terry Oversized Tee,Noir,Tee,1299,650.0,2025-10-09,Delhi,Instagram Ads,23-27
237,160,6,1,1599.0,1599.0,137,2025-12-05 21:06:00,Prepaid,Delivered,NONE,0,0.0,0,2598.0,2598.0,0,Oversized Shirt,Noir,Shirt,1599,752.0,2025-12-05,Nagpur,Instagram Ads,28-34
238,160,1,1,999.0,999.0,137,2025-12-05 21:06:00,Prepaid,Delivered,NONE,0,0.0,0,2598.0,2598.0,0,Oversized Tee - Noir,Noir,Tee,999,519.0,2025-12-05,Nagpur,Instagram Ads,28-34
239,161,6,1,1599.0,1599.0,137,2025-12-05 12:46:00,COD,Delivered,NONE,0,0.0,0,1599.0,1599.0,0,Oversized Shirt,Noir,Shirt,1599,752.0,2025-12-05,Nagpur,Instagram Ads,28-34
240,162,6,1,1599.0,1599.0,138,2025-12-06 08:23:00,COD,Delivered,NONE,0,0.0,0,1599.0,1599.0,0,Oversized Shirt,Noir,Shirt,1599,752.0,2025-12-06,Nashik,Influencer,23-27
241,163,3,1,1299.0,1299.0,139,2025-12-06 12:08:00,COD,Delivered,NONE,0,0.0,49,1299.0,1348.0,0,Terry Oversized Tee,Noir,Tee,1299,650.0,2025-12-06,Hyderabad,Referral,23-27
242,164,7,2,1499.0,2998.0,140,2025-12-06 14:02:00,COD,Delivered,REF10,10,299.8,0,2998.0,2698.2,0,Sweatpants,Noir,Bottoms,1499,735.0,2025-12-06,Kolkata,Instagram Ads,23-27
243,165,4,1,1199.0,1199.0,141,2025-12-07 14:42:00,COD,RTO,LAUNCH15,15,554.55,0,3697.0,3142.45,1,Acid Wash Tee,Noir,Tee,1199,576.0,2025-12-07,Indore,Instagram Ads,23-27
244,165,1,1,999.0,999.0,141,2025-12-07 14:42:00,COD,RTO,LAUNCH15,15,554.55,0,3697.0,3142.45,1,Oversized Tee - Noir,Noir,Tee,999,519.0,2025-12-07,Indore,Instagram Ads,23-27
245,165,7,1,1499.0,1499.0,141,2025-12-07 14:42:00,COD,RTO,LAUNCH15,15,554.55,0,3697.0,3142.45,1,Sweatpants,Noir,Bottoms,1499,735.0,2025-12-07,Indore,Instagram Ads,23-27
246,166,7,1,1499.0,1499.0,142,2025-12-07 19:49:00,COD,Delivered,NONE,0,0.0,0,4097.0,4097.0,0,Sweatpants,Noir,Bottoms,1499,735.0,2025-12-07,Nagpur,Instagram Ads,23-27
247,166,3,2,1299.0,2598.0,142,2025-12-07 19:49:00,COD,Delivered,NONE,0,0.0,0,4097.0,4097.0,0,Terry Oversized Tee,Noir,Tee,1299,650.0,2025-12-07,Nagpur,Instagram Ads,23-27
248,167,11,1,2299.0,2299.0,91,2025-12-07 19:39:00,Prepaid,Delivered,NONE,0,0.0,0,2299.0,2299.0,0,Blanc Essentials Combo,Blanc,Combo,2299,1150.0,2025-11-09,Bengaluru,Instagram Ads,23-27
249,168,8,1,699.0,699.0,84,2025-12-07 17:36:00,COD,Delivered,WELCOME10,10,489.6,0,4896.0,4406.4,0,Baseball Cap,Blanc,Accessory,699,384.0,2025-11-05,Hyderabad,Organic/Direct,23-27
250,168,4,1,1199.0,1199.0,84,2025-12-07 17:36:00,COD,Delivered,WELCOME10,10,489.6,0,4896.0,4406.4,0,Acid Wash Tee,Noir,Tee,1199,576.0,2025-11-05,Hyderabad,Organic/Direct,23-27
251,168,7,2,1499.0,2998.0,84,2025-12-07 17:36:00,COD,Delivered,WELCOME10,10,489.6,0,4896.0,4406.4,0,Sweatpants,Noir,Bottoms,1499,735.0,2025-11-05,Hyderabad,Organic/Direct,23-27
252,169,7,1,1499.0,1499.0,143,2025-12-08 14:49:00,Prepaid,Delivered,WELCOME10,10,259.8,0,2598.0,2338.2,0,Sweatpants,Noir,Bottoms,1499,735.0,2025-12-08,Ahmedabad,Instagram Ads,28-34
253,169,5,1,1099.0,1099.0,143,2025-12-08 14:49:00,Prepaid,Delivered,WELCOME10,10,259.8,0,2598.0,2338.2,0,Men's Polo,Blanc,Polo,1099,550.0,2025-12-08,Ahmedabad,Instagram Ads,28-34
254,170,3,1,1299.0,1299.0,21,2025-12-08 09:26:00,COD,Delivered,NONE,0,0.0,49,1299.0,1348.0,0,Terry Oversized Tee,Noir,Tee,1299,650.0,2025-09-26,Ahmedabad,Instagram Ads,18-22
255,171,7,1,1499.0,1499.0,144,2025-12-09 11:10:00,COD,Delivered,NONE,0,0.0,0,1499.0,1499.0,0,Sweatpants,Noir,Bottoms,1499,735.0,2025-12-09,Lucknow,Google Ads,28-34
256,172,4,1,1199.0,1199.0,145,2025-12-10 20:40:00,COD,Cancelled,NONE,0,0.0,0,2198.0,2198.0,0,Acid Wash Tee,Noir,Tee,1199,576.0,2025-12-10,Nagpur,Google Ads,18-22
257,172,1,1,999.0,999.0,145,2025-12-10 20:40:00,COD,Cancelled,NONE,0,0.0,0,2198.0,2198.0,0,Oversized Tee - Noir,Noir,Tee,999,519.0,2025-12-10,Nagpur,Google Ads,18-22
258,173,12,1,3499.0,3499.0,146,2025-12-10 08:18:00,COD,Delivered,WELCOME10,10,349.9,0,3499.0,3149.1,0,Full Fit Combo,Noir,Combo,3499,1715.0,2025-12-10,Pune,Instagram Ads,35+
259,174,10,2,2199.0,4398.0,147,2025-12-11 09:17:00,COD,Delivered,LAUNCH15,15,659.7,0,4398.0,3738.3,0,Noir Starter Combo,Noir,Combo,2199,1121.0,2025-12-11,Delhi,Instagram Ads,28-34
260,175,9,1,999.0,999.0,148,2025-12-12 08:15:00,COD,RTO,NONE,0,0.0,49,999.0,1048.0,1,Terry Shorts,Blanc,Bottoms,999,500.0,2025-12-12,Pune,Influencer,18-22
261,176,12,1,3499.0,3499.0,149,2025-12-13 12:49:00,COD,Delivered,REF10,10,349.9,0,3499.0,3149.1,0,Full Fit Combo,Noir,Combo,3499,1715.0,2025-12-13,Nagpur,Instagram Ads,18-22
262,177,1,1,999.0,999.0,150,2025-12-13 08:57:00,COD,Delivered,FESTIVE20,20,199.8,49,999.0,848.2,0,Oversized Tee - Noir,Noir,Tee,999,519.0,2025-12-13,Lucknow,Organic/Direct,18-22
263,178,5,2,1099.0,2198.0,151,2025-12-14 15:30:00,Prepaid,Delivered,WELCOME10,10,419.6,0,4196.0,3776.4,0,Men's Polo,Blanc,Polo,1099,550.0,2025-12-14,Ahmedabad,Influencer,28-34
264,178,1,2,999.0,1998.0,151,2025-12-14 15:30:00,Prepaid,Delivered,WELCOME10,10,419.6,0,4196.0,3776.4,0,Oversized Tee - Noir,Noir,Tee,999,519.0,2025-12-14,Ahmedabad,Influencer,28-34
265,179,7,1,1499.0,1499.0,52,2025-12-14 17:21:00,COD,Delivered,LAUNCH15,15,224.85,49,1499.0,1323.15,0,Sweatpants,Noir,Bottoms,1499,735.0,2025-10-18,Mumbai,Organic/Direct,23-27
266,180,12,1,3499.0,3499.0,152,2025-12-14 15:00:00,COD,Delivered,NONE,0,0.0,0,3499.0,3499.0,0,Full Fit Combo,Noir,Combo,3499,1715.0,2025-12-14,Nashik,Influencer,23-27
267,181,9,1,999.0,999.0,153,2025-12-14 15:37:00,COD,RTO,NONE,0,0.0,49,999.0,1048.0,1,Terry Shorts,Blanc,Bottoms,999,500.0,2025-12-14,Mumbai,Instagram Ads,18-22
268,182,12,1,3499.0,3499.0,154,2025-12-15 19:00:00,COD,Delivered,NONE,0,0.0,0,3499.0,3499.0,0,Full Fit Combo,Noir,Combo,3499,1715.0,2025-12-15,Lucknow,Instagram Ads,23-27
269,183,10,1,2199.0,2199.0,36,2025-12-15 18:01:00,COD,Delivered,REF10,10,599.7,0,5997.0,5397.3,0,Noir Starter Combo,Noir,Combo,2199,1121.0,2025-10-11,Lucknow,Referral,18-22
270,183,11,1,2299.0,2299.0,36,2025-12-15 18:01:00,COD,Delivered,REF10,10,599.7,0,5997.0,5397.3,0,Blanc Essentials Combo,Blanc,Combo,2299,1150.0,2025-10-11,Lucknow,Referral,18-22
271,183,7,1,1499.0,1499.0,36,2025-12-15 18:01:00,COD,Delivered,REF10,10,599.7,0,5997.0,5397.3,0,Sweatpants,Noir,Bottoms,1499,735.0,2025-10-11,Lucknow,Referral,18-22
272,184,1,1,999.0,999.0,155,2025-12-15 10:47:00,COD,Cancelled,LAUNCH15,15,149.85,49,999.0,898.15,0,Oversized Tee - Noir,Noir,Tee,999,519.0,2025-12-15,Bengaluru,Organic/Direct,23-27
273,185,2,1,999.0,999.0,156,2025-12-15 15:50:00,COD,Returned,REF10,10,99.9,49,999.0,948.1,0,Oversized Tee - Blanc,Blanc,Tee,999,519.0,2025-12-15,Nagpur,Instagram Ads,23-27
274,186,5,1,1099.0,1099.0,157,2025-12-16 13:37:00,COD,Delivered,FESTIVE20,20,219.8,49,1099.0,928.2,0,Men's Polo,Blanc,Polo,1099,550.0,2025-12-16,Nagpur,Instagram Ads,18-22
275,187,7,1,1499.0,1499.0,114,2025-12-16 14:17:00,COD,Delivered,NONE,0,0.0,0,3098.0,3098.0,0,Sweatpants,Noir,Bottoms,1499,735.0,2025-11-18,Mumbai,Organic/Direct,28-34
276,187,6,1,1599.0,1599.0,114,2025-12-16 14:17:00,COD,Delivered,NONE,0,0.0,0,3098.0,3098.0,0,Oversized Shirt,Noir,Shirt,1599,752.0,2025-11-18,Mumbai,Organic/Direct,28-34
277,188,6,1,1599.0,1599.0,98,2025-12-17 08:16:00,COD,Returned,WELCOME10,10,159.9,49,1599.0,1488.1,0,Oversized Shirt,Noir,Shirt,1599,752.0,2025-11-11,Nagpur,Organic/Direct,23-27
278,189,1,2,999.0,1998.0,158,2025-12-17 08:56:00,COD,Delivered,FESTIVE20,20,699.4,0,3497.0,2797.6,0,Oversized Tee - Noir,Noir,Tee,999,519.0,2025-12-17,Nagpur,Google Ads,18-22
279,189,7,1,1499.0,1499.0,158,2025-12-17 08:56:00,COD,Delivered,FESTIVE20,20,699.4,0,3497.0,2797.6,0,Sweatpants,Noir,Bottoms,1499,735.0,2025-12-17,Nagpur,Google Ads,18-22
280,190,3,2,1299.0,2598.0,159,2025-12-18 10:10:00,COD,Delivered,NONE,0,0.0,0,2598.0,2598.0,0,Terry Oversized Tee,Noir,Tee,1299,650.0,2025-12-18,Nagpur,Instagram Ads,23-27
281,191,1,2,999.0,1998.0,160,2025-12-18 20:00:00,COD,Delivered,NONE,0,0.0,0,4796.0,4796.0,0,Oversized Tee - Noir,Noir,Tee,999,519.0,2025-12-18,Nagpur,Organic/Direct,35+
282,191,6,1,1599.0,1599.0,160,2025-12-18 20:00:00,COD,Delivered,NONE,0,0.0,0,4796.0,4796.0,0,Oversized Shirt,Noir,Shirt,1599,752.0,2025-12-18,Nagpur,Organic/Direct,35+
283,191,4,1,1199.0,1199.0,160,2025-12-18 20:00:00,COD,Delivered,NONE,0,0.0,0,4796.0,4796.0,0,Acid Wash Tee,Noir,Tee,1199,576.0,2025-12-18,Nagpur,Organic/Direct,35+
284,192,8,1,699.0,699.0,161,2025-12-18 17:23:00,COD,Delivered,NONE,0,0.0,0,2898.0,2898.0,0,Baseball Cap,Blanc,Accessory,699,384.0,2025-12-18,Nagpur,Organic/Direct,23-27
285,192,10,1,2199.0,2199.0,161,2025-12-18 17:23:00,COD,Delivered,NONE,0,0.0,0,2898.0,2898.0,0,Noir Starter Combo,Noir,Combo,2199,1121.0,2025-12-18,Nagpur,Organic/Direct,23-27
286,193,3,1,1299.0,1299.0,162,2025-12-18 08:50:00,Prepaid,Delivered,WELCOME10,10,249.8,0,2498.0,2248.2,0,Terry Oversized Tee,Noir,Tee,1299,650.0,2025-12-18,Nagpur,Organic/Direct,35+
287,193,4,1,1199.0,1199.0,162,2025-12-18 08:50:00,Prepaid,Delivered,WELCOME10,10,249.8,0,2498.0,2248.2,0,Acid Wash Tee,Noir,Tee,1199,576.0,2025-12-18,Nagpur,Organic/Direct,35+
288,194,9,1,999.0,999.0,102,2025-12-19 15:54:00,COD,Cancelled,LAUNCH15,15,149.85,49,999.0,898.15,0,Terry Shorts,Blanc,Bottoms,999,500.0,2025-11-13,Jaipur,Google Ads,18-22
289,195,6,1,1599.0,1599.0,163,2025-12-19 17:07:00,COD,Delivered,REF10,10,509.8,0,5098.0,4588.2,0,Oversized Shirt,Noir,Shirt,1599,752.0,2025-12-19,Ahmedabad,Google Ads,18-22
290,195,12,1,3499.0,3499.0,163,2025-12-19 17:07:00,COD,Delivered,REF10,10,509.8,0,5098.0,4588.2,0,Full Fit Combo,Noir,Combo,3499,1715.0,2025-12-19,Ahmedabad,Google Ads,18-22
291,196,8,1,699.0,699.0,164,2025-12-20 17:52:00,COD,Delivered,REF10,10,69.9,49,699.0,678.1,0,Baseball Cap,Blanc,Accessory,699,384.0,2025-12-20,Nagpur,Instagram Ads,28-34
292,197,2,1,999.0,999.0,165,2025-12-20 21:28:00,COD,RTO,REF10,10,99.9,49,999.0,948.1,1,Oversized Tee - Blanc,Blanc,Tee,999,519.0,2025-12-20,Bengaluru,Google Ads,23-27
293,198,12,1,3499.0,3499.0,90,2025-12-20 14:21:00,COD,Returned,REF10,10,349.9,0,3499.0,3149.1,0,Full Fit Combo,Noir,Combo,3499,1715.0,2025-11-09,Lucknow,Organic/Direct,28-34
294,199,11,1,2299.0,2299.0,166,2025-12-20 19:56:00,COD,Delivered,WELCOME10,10,229.9,0,2299.0,2069.1,0,Blanc Essentials Combo,Blanc,Combo,2299,1150.0,2025-12-20,Nagpur,Instagram Ads,23-27
295,200,2,1,999.0,999.0,167,2025-12-20 17:24:00,COD,Delivered,NONE,0,0.0,49,999.0,1048.0,0,Oversized Tee - Blanc,Blanc,Tee,999,519.0,2025-12-20,Ahmedabad,Influencer,18-22
296,201,7,1,1499.0,1499.0,168,2025-12-20 14:53:00,COD,Delivered,NONE,0,0.0,0,2498.0,2498.0,0,Sweatpants,Noir,Bottoms,1499,735.0,2025-12-20,Jaipur,Influencer,35+
297,201,2,1,999.0,999.0,168,2025-12-20 14:53:00,COD,Delivered,NONE,0,0.0,0,2498.0,2498.0,0,Oversized Tee - Blanc,Blanc,Tee,999,519.0,2025-12-20,Jaipur,Influencer,35+
298,202,12,1,3499.0,3499.0,169,2025-12-20 19:04:00,COD,Delivered,REF10,10,609.7,0,6097.0,5487.3,0,Full Fit Combo,Noir,Combo,3499,1715.0,2025-12-20,Nagpur,Referral,23-27
299,202,9,1,999.0,999.0,169,2025-12-20 19:04:00,COD,Delivered,REF10,10,609.7,0,6097.0,5487.3,0,Terry Shorts,Blanc,Bottoms,999,500.0,2025-12-20,Nagpur,Referral,23-27
300,202,6,1,1599.0,1599.0,169,2025-12-20 19:04:00,COD,Delivered,REF10,10,609.7,0,6097.0,5487.3,0,Oversized Shirt,Noir,Shirt,1599,752.0,2025-12-20,Nagpur,Referral,23-27
301,203,12,1,3499.0,3499.0,170,2025-12-20 14:43:00,COD,Delivered,NONE,0,0.0,0,3499.0,3499.0,0,Full Fit Combo,Noir,Combo,3499,1715.0,2025-12-20,Kolkata,Instagram Ads,28-34
302,204,10,1,2199.0,2199.0,171,2025-12-21 10:02:00,COD,Delivered,WELCOME10,10,339.8,0,3398.0,3058.2,0,Noir Starter Combo,Noir,Combo,2199,1121.0,2025-12-21,Hyderabad,Organic/Direct,18-22
303,204,4,1,1199.0,1199.0,171,2025-12-21 10:02:00,COD,Delivered,WELCOME10,10,339.8,0,3398.0,3058.2,0,Acid Wash Tee,Noir,Tee,1199,576.0,2025-12-21,Hyderabad,Organic/Direct,18-22
304,205,1,1,999.0,999.0,172,2025-12-21 12:23:00,COD,Returned,REF10,10,359.7,0,3597.0,3237.3,0,Oversized Tee - Noir,Noir,Tee,999,519.0,2025-12-21,Nagpur,Influencer,28-34
305,205,3,2,1299.0,2598.0,172,2025-12-21 12:23:00,COD,Returned,REF10,10,359.7,0,3597.0,3237.3,0,Terry Oversized Tee,Noir,Tee,1299,650.0,2025-12-21,Nagpur,Influencer,28-34
306,206,4,1,1199.0,1199.0,173,2025-12-21 20:54:00,COD,Delivered,REF10,10,119.9,49,1199.0,1128.1,0,Acid Wash Tee,Noir,Tee,1199,576.0,2025-12-21,Nashik,Referral,23-27
307,207,8,1,699.0,699.0,174,2025-12-21 21:33:00,COD,RTO,NONE,0,0.0,49,699.0,748.0,1,Baseball Cap,Blanc,Accessory,699,384.0,2025-12-21,Kolkata,Instagram Ads,28-34
308,208,9,1,999.0,999.0,175,2025-12-21 12:53:00,COD,Delivered,NONE,0,0.0,49,999.0,1048.0,0,Terry Shorts,Blanc,Bottoms,999,500.0,2025-12-21,Mumbai,Google Ads,18-22
309,209,3,2,1299.0,2598.0,176,2025-12-22 11:49:00,COD,RTO,NONE,0,0.0,0,2598.0,2598.0,1,Terry Oversized Tee,Noir,Tee,1299,650.0,2025-12-22,Nagpur,Instagram Ads,18-22
310,210,11,1,2299.0,2299.0,164,2025-12-22 14:16:00,COD,Delivered,NONE,0,0.0,0,2299.0,2299.0,0,Blanc Essentials Combo,Blanc,Combo,2299,1150.0,2025-12-20,Nagpur,Instagram Ads,28-34
311,211,2,1,999.0,999.0,177,2025-12-22 19:38:00,Prepaid,Delivered,WELCOME10,10,299.7,0,2997.0,2697.3,0,Oversized Tee - Blanc,Blanc,Tee,999,519.0,2025-12-22,Nagpur,Instagram Ads,28-34
312,211,1,2,999.0,1998.0,177,2025-12-22 19:38:00,Prepaid,Delivered,WELCOME10,10,299.7,0,2997.0,2697.3,0,Oversized Tee - Noir,Noir,Tee,999,519.0,2025-12-22,Nagpur,Instagram Ads,28-34
313,212,11,1,2299.0,2299.0,178,2025-12-23 11:59:00,COD,Returned,WELCOME10,10,229.9,0,2299.0,2069.1,0,Blanc Essentials Combo,Blanc,Combo,2299,1150.0,2025-12-23,Jaipur,Organic/Direct,28-34
314,213,10,1,2199.0,2199.0,179,2025-12-23 17:17:00,Prepaid,Delivered,NONE,0,0.0,0,2199.0,2199.0,0,Noir Starter Combo,Noir,Combo,2199,1121.0,2025-12-23,Pune,Organic/Direct,23-27
315,214,9,2,999.0,1998.0,180,2025-12-23 08:43:00,COD,Delivered,NONE,0,0.0,0,3097.0,3097.0,0,Terry Shorts,Blanc,Bottoms,999,500.0,2025-12-23,Jaipur,Instagram Ads,23-27
316,214,5,1,1099.0,1099.0,180,2025-12-23 08:43:00,COD,Delivered,NONE,0,0.0,0,3097.0,3097.0,0,Men's Polo,Blanc,Polo,1099,550.0,2025-12-23,Jaipur,Instagram Ads,23-27
317,215,9,2,999.0,1998.0,181,2025-12-24 10:47:00,COD,Delivered,NONE,0,0.0,0,3597.0,3597.0,0,Terry Shorts,Blanc,Bottoms,999,500.0,2025-12-24,Mumbai,Google Ads,18-22
318,215,6,1,1599.0,1599.0,181,2025-12-24 10:47:00,COD,Delivered,NONE,0,0.0,0,3597.0,3597.0,0,Oversized Shirt,Noir,Shirt,1599,752.0,2025-12-24,Mumbai,Google Ads,18-22
319,216,2,1,999.0,999.0,182,2025-12-25 13:49:00,Prepaid,Delivered,NONE,0,0.0,0,999.0,999.0,0,Oversized Tee - Blanc,Blanc,Tee,999,519.0,2025-12-25,Pune,Instagram Ads,28-34
320,217,12,2,3499.0,6998.0,183,2025-12-25 19:18:00,COD,Delivered,REF10,10,799.7,0,7997.0,7197.3,0,Full Fit Combo,Noir,Combo,3499,1715.0,2025-12-25,Kolkata,Instagram Ads,23-27
321,217,2,1,999.0,999.0,183,2025-12-25 19:18:00,COD,Delivered,REF10,10,799.7,0,7997.0,7197.3,0,Oversized Tee - Blanc,Blanc,Tee,999,519.0,2025-12-25,Kolkata,Instagram Ads,23-27
322,218,2,1,999.0,999.0,184,2025-12-25 20:11:00,COD,Delivered,NONE,0,0.0,0,2298.0,2298.0,0,Oversized Tee - Blanc,Blanc,Tee,999,519.0,2025-12-25,Delhi,Instagram Ads,18-22
323,218,3,1,1299.0,1299.0,184,2025-12-25 20:11:00,COD,Delivered,NONE,0,0.0,0,2298.0,2298.0,0,Terry Oversized Tee,Noir,Tee,1299,650.0,2025-12-25,Delhi,Instagram Ads,18-22
324,219,8,1,699.0,699.0,185,2025-12-26 14:56:00,COD,Returned,LAUNCH15,15,104.85,49,699.0,643.15,0,Baseball Cap,Blanc,Accessory,699,384.0,2025-12-26,Nashik,Influencer,28-34
325,220,12,2,3499.0,6998.0,186,2025-12-26 12:00:00,COD,Delivered,WELCOME10,10,699.8,0,6998.0,6298.2,0,Full Fit Combo,Noir,Combo,3499,1715.0,2025-12-26,Ahmedabad,Organic/Direct,18-22
326,221,4,1,1199.0,1199.0,187,2025-12-27 11:28:00,COD,Delivered,REF10,10,119.9,49,1199.0,1128.1,0,Acid Wash Tee,Noir,Tee,1199,576.0,2025-12-27,Kolkata,Instagram Ads,23-27
327,222,5,1,1099.0,1099.0,188,2025-12-27 12:27:00,COD,RTO,LAUNCH15,15,164.85,49,1099.0,983.15,1,Men's Polo,Blanc,Polo,1099,550.0,2025-12-27,Mumbai,Organic/Direct,35+
328,223,8,1,699.0,699.0,66,2025-12-27 08:16:00,COD,Cancelled,NONE,0,0.0,49,699.0,748.0,0,Baseball Cap,Blanc,Accessory,699,384.0,2025-10-26,Mumbai,Referral,35+
329,224,2,1,999.0,999.0,189,2025-12-27 18:24:00,COD,Delivered,NONE,0,0.0,0,2498.0,2498.0,0,Oversized Tee - Blanc,Blanc,Tee,999,519.0,2025-12-27,Indore,Referral,18-22
330,224,7,1,1499.0,1499.0,189,2025-12-27 18:24:00,COD,Delivered,NONE,0,0.0,0,2498.0,2498.0,0,Sweatpants,Noir,Bottoms,1499,735.0,2025-12-27,Indore,Referral,18-22
331,225,9,1,999.0,999.0,68,2025-12-27 11:39:00,COD,Delivered,NONE,0,0.0,49,999.0,1048.0,0,Terry Shorts,Blanc,Bottoms,999,500.0,2025-10-26,Delhi,Referral,18-22
332,226,6,2,1599.0,3198.0,190,2025-12-27 17:32:00,Prepaid,Delivered,NONE,0,0.0,0,4297.0,4297.0,0,Oversized Shirt,Noir,Shirt,1599,752.0,2025-12-27,Jaipur,Instagram Ads,28-34
333,226,5,1,1099.0,1099.0,190,2025-12-27 17:32:00,Prepaid,Delivered,NONE,0,0.0,0,4297.0,4297.0,0,Men's Polo,Blanc,Polo,1099,550.0,2025-12-27,Jaipur,Instagram Ads,28-34
334,227,4,1,1199.0,1199.0,191,2025-12-27 11:12:00,COD,RTO,NONE,0,0.0,49,1199.0,1248.0,1,Acid Wash Tee,Noir,Tee,1199,576.0,2025-12-27,Ahmedabad,Instagram Ads,23-27
335,228,2,1,999.0,999.0,192,2025-12-27 08:44:00,COD,Delivered,FESTIVE20,20,199.8,49,999.0,848.2,0,Oversized Tee - Blanc,Blanc,Tee,999,519.0,2025-12-27,Bengaluru,Influencer,18-22
336,229,11,1,2299.0,2299.0,193,2025-12-28 18:38:00,COD,Delivered,WELCOME10,10,449.8,0,4498.0,4048.2,0,Blanc Essentials Combo,Blanc,Combo,2299,1150.0,2025-12-28,Delhi,Instagram Ads,23-27
337,229,10,1,2199.0,2199.0,193,2025-12-28 18:38:00,COD,Delivered,WELCOME10,10,449.8,0,4498.0,4048.2,0,Noir Starter Combo,Noir,Combo,2199,1121.0,2025-12-28,Delhi,Instagram Ads,23-27
338,230,1,1,999.0,999.0,194,2025-12-28 14:30:00,COD,Delivered,REF10,10,99.9,49,999.0,948.1,0,Oversized Tee - Noir,Noir,Tee,999,519.0,2025-12-28,Delhi,Influencer,18-22
339,231,8,1,699.0,699.0,54,2025-12-28 13:04:00,Prepaid,Delivered,FESTIVE20,20,139.8,0,699.0,559.2,0,Baseball Cap,Blanc,Accessory,699,384.0,2025-10-21,Pune,Instagram Ads,35+
340,232,5,1,1099.0,1099.0,195,2025-12-29 13:49:00,COD,RTO,REF10,10,519.6,0,5196.0,4676.4,1,Men's Polo,Blanc,Polo,1099,550.0,2025-12-29,Hyderabad,Google Ads,28-34
341,232,7,1,1499.0,1499.0,195,2025-12-29 13:49:00,COD,RTO,REF10,10,519.6,0,5196.0,4676.4,1,Sweatpants,Noir,Bottoms,1499,735.0,2025-12-29,Hyderabad,Google Ads,28-34
342,232,3,2,1299.0,2598.0,195,2025-12-29 13:49:00,COD,RTO,REF10,10,519.6,0,5196.0,4676.4,1,Terry Oversized Tee,Noir,Tee,1299,650.0,2025-12-29,Hyderabad,Google Ads,28-34
343,233,4,1,1199.0,1199.0,196,2025-12-29 09:51:00,COD,Returned,WELCOME10,10,119.9,49,1199.0,1128.1,0,Acid Wash Tee,Noir,Tee,1199,576.0,2025-12-29,Lucknow,Organic/Direct,23-27
344,234,9,1,999.0,999.0,197,2025-12-29 15:29:00,COD,Delivered,WELCOME10,10,99.9,49,999.0,948.1,0,Terry Shorts,Blanc,Bottoms,999,500.0,2025-12-29,Indore,Google Ads,23-27
345,235,2,2,999.0,1998.0,198,2025-12-30 12:06:00,COD,Delivered,LAUNCH15,15,299.7,0,1998.0,1698.3,0,Oversized Tee - Blanc,Blanc,Tee,999,519.0,2025-12-30,Jaipur,Google Ads,23-27
346,236,7,1,1499.0,1499.0,199,2025-12-30 09:52:00,Prepaid,Delivered,FESTIVE20,20,999.6,0,4998.0,3998.4,0,Sweatpants,Noir,Bottoms,1499,735.0,2025-12-30,Delhi,Organic/Direct,18-22
347,236,12,1,3499.0,3499.0,199,2025-12-30 09:52:00,Prepaid,Delivered,FESTIVE20,20,999.6,0,4998.0,3998.4,0,Full Fit Combo,Noir,Combo,3499,1715.0,2025-12-30,Delhi,Organic/Direct,18-22
348,237,12,1,3499.0,3499.0,200,2025-12-30 18:26:00,COD,Delivered,NONE,0,0.0,0,3499.0,3499.0,0,Full Fit Combo,Noir,Combo,3499,1715.0,2025-12-30,Pune,Organic/Direct,18-22
349,238,7,1,1499.0,1499.0,201,2025-12-31 14:53:00,COD,Delivered,NONE,0,0.0,0,3698.0,3698.0,0,Sweatpants,Noir,Bottoms,1499,735.0,2025-12-31,Delhi,Instagram Ads,28-34
350,238,10,1,2199.0,2199.0,201,2025-12-31 14:53:00,COD,Delivered,NONE,0,0.0,0,3698.0,3698.0,0,Noir Starter Combo,Noir,Combo,2199,1121.0,2025-12-31,Delhi,Instagram Ads,28-34
351,239,6,1,1599.0,1599.0,202,2025-12-31 16:52:00,COD,Delivered,LAUNCH15,15,434.7,0,2898.0,2463.3,0,Oversized Shirt,Noir,Shirt,1599,752.0,2025-12-31,Ahmedabad,Google Ads,23-27
352,239,3,1,1299.0,1299.0,202,2025-12-31 16:52:00,COD,Delivered,LAUNCH15,15,434.7,0,2898.0,2463.3,0,Terry Oversized Tee,Noir,Tee,1299,650.0,2025-12-31,Ahmedabad,Google Ads,23-27
353,240,2,1,999.0,999.0,203,2025-12-31 13:50:00,COD,RTO,LAUNCH15,15,149.85,49,999.0,898.15,1,Oversized Tee - Blanc,Blanc,Tee,999,519.0,2025-12-31,Nagpur,Influencer,28-34
354,241,11,1,2299.0,2299.0,204,2026-01-01 15:35:00,COD,Delivered,REF10,10,229.9,0,2299.0,2069.1,0,Blanc Essentials Combo,Blanc,Combo,2299,1150.0,2026-01-01,Ahmedabad,Organic/Direct,18-22
355,242,2,1,999.0,999.0,205,2026-01-01 16:14:00,COD,Delivered,NONE,0,0.0,49,999.0,1048.0,0,Oversized Tee - Blanc,Blanc,Tee,999,519.0,2026-01-01,Indore,Organic/Direct,23-27
356,243,10,1,2199.0,2199.0,206,2026-01-02 12:41:00,COD,RTO,NONE,0,0.0,0,2199.0,2199.0,1,Noir Starter Combo,Noir,Combo,2199,1121.0,2026-01-02,Pune,Google Ads,23-27
357,244,7,1,1499.0,1499.0,207,2026-01-02 18:39:00,COD,RTO,NONE,0,0.0,0,1499.0,1499.0,1,Sweatpants,Noir,Bottoms,1499,735.0,2026-01-02,Nashik,Organic/Direct,18-22
358,245,5,1,1099.0,1099.0,208,2026-01-02 18:49:00,Prepaid,Delivered,REF10,10,109.9,0,1099.0,989.1,0,Men's Polo,Blanc,Polo,1099,550.0,2026-01-02,Jaipur,Organic/Direct,18-22
359,246,8,1,699.0,699.0,209,2026-01-02 14:44:00,COD,Delivered,NONE,0,0.0,49,699.0,748.0,0,Baseball Cap,Blanc,Accessory,699,384.0,2026-01-02,Indore,Organic/Direct,23-27
360,247,1,1,999.0,999.0,210,2026-01-02 15:53:00,COD,Delivered,NONE,0,0.0,0,2098.0,2098.0,0,Oversized Tee - Noir,Noir,Tee,999,519.0,2026-01-02,Ahmedabad,Referral,28-34
361,247,5,1,1099.0,1099.0,210,2026-01-02 15:53:00,COD,Delivered,NONE,0,0.0,0,2098.0,2098.0,0,Men's Polo,Blanc,Polo,1099,550.0,2026-01-02,Ahmedabad,Referral,28-34
362,248,9,1,999.0,999.0,211,2026-01-03 14:33:00,COD,Cancelled,REF10,10,199.8,0,1998.0,1798.2,0,Terry Shorts,Blanc,Bottoms,999,500.0,2026-01-03,Pune,Instagram Ads,18-22
363,248,1,1,999.0,999.0,211,2026-01-03 14:33:00,COD,Cancelled,REF10,10,199.8,0,1998.0,1798.2,0,Oversized Tee - Noir,Noir,Tee,999,519.0,2026-01-03,Pune,Instagram Ads,18-22
364,249,7,1,1499.0,1499.0,212,2026-01-03 13:22:00,COD,Delivered,LAUNCH15,15,224.85,49,1499.0,1323.15,0,Sweatpants,Noir,Bottoms,1499,735.0,2026-01-03,Indore,Organic/Direct,23-27
365,250,1,1,999.0,999.0,213,2026-01-03 18:40:00,COD,Delivered,LAUNCH15,15,149.85,49,999.0,898.15,0,Oversized Tee - Noir,Noir,Tee,999,519.0,2026-01-03,Hyderabad,Influencer,23-27
366,251,3,1,1299.0,1299.0,214,2026-01-04 17:27:00,COD,Delivered,NONE,0,0.0,0,2298.0,2298.0,0,Terry Oversized Tee,Noir,Tee,1299,650.0,2026-01-04,Pune,Referral,18-22
367,251,2,1,999.0,999.0,214,2026-01-04 17:27:00,COD,Delivered,NONE,0,0.0,0,2298.0,2298.0,0,Oversized Tee - Blanc,Blanc,Tee,999,519.0,2026-01-04,Pune,Referral,18-22
368,252,10,1,2199.0,2199.0,215,2026-01-04 11:24:00,COD,Delivered,NONE,0,0.0,0,5698.0,5698.0,0,Noir Starter Combo,Noir,Combo,2199,1121.0,2026-01-04,Indore,Instagram Ads,18-22
369,252,12,1,3499.0,3499.0,215,2026-01-04 11:24:00,COD,Delivered,NONE,0,0.0,0,5698.0,5698.0,0,Full Fit Combo,Noir,Combo,3499,1715.0,2026-01-04,Indore,Instagram Ads,18-22
370,253,4,1,1199.0,1199.0,37,2026-01-04 14:05:00,COD,Delivered,FESTIVE20,20,239.8,49,1199.0,1008.2,0,Acid Wash Tee,Noir,Tee,1199,576.0,2025-10-12,Pune,Organic/Direct,28-34
371,254,9,1,999.0,999.0,216,2026-01-05 13:48:00,COD,Delivered,NONE,0,0.0,49,999.0,1048.0,0,Terry Shorts,Blanc,Bottoms,999,500.0,2026-01-05,Indore,Google Ads,23-27
372,255,3,1,1299.0,1299.0,217,2026-01-05 14:04:00,COD,Delivered,NONE,0,0.0,49,1299.0,1348.0,0,Terry Oversized Tee,Noir,Tee,1299,650.0,2026-01-05,Nagpur,Google Ads,23-27
373,256,2,1,999.0,999.0,218,2026-01-05 12:01:00,Prepaid,Delivered,FESTIVE20,20,639.4,0,3197.0,2557.6,0,Oversized Tee - Blanc,Blanc,Tee,999,519.0,2026-01-05,Mumbai,Influencer,18-22
374,256,1,1,999.0,999.0,218,2026-01-05 12:01:00,Prepaid,Delivered,FESTIVE20,20,639.4,0,3197.0,2557.6,0,Oversized Tee - Noir,Noir,Tee,999,519.0,2026-01-05,Mumbai,Influencer,18-22
375,256,4,1,1199.0,1199.0,218,2026-01-05 12:01:00,Prepaid,Delivered,FESTIVE20,20,639.4,0,3197.0,2557.6,0,Acid Wash Tee,Noir,Tee,1199,576.0,2026-01-05,Mumbai,Influencer,18-22
376,257,1,1,999.0,999.0,219,2026-01-05 17:37:00,COD,RTO,NONE,0,0.0,0,4498.0,4498.0,1,Oversized Tee - Noir,Noir,Tee,999,519.0,2026-01-05,Pune,Influencer,18-22
377,257,12,1,3499.0,3499.0,219,2026-01-05 17:37:00,COD,RTO,NONE,0,0.0,0,4498.0,4498.0,1,Full Fit Combo,Noir,Combo,3499,1715.0,2026-01-05,Pune,Influencer,18-22
378,258,2,2,999.0,1998.0,192,2026-01-05 18:26:00,COD,Delivered,FESTIVE20,20,399.6,0,1998.0,1598.4,0,Oversized Tee - Blanc,Blanc,Tee,999,519.0,2025-12-27,Bengaluru,Influencer,18-22
379,259,10,1,2199.0,2199.0,220,2026-01-05 13:11:00,COD,RTO,LAUNCH15,15,674.7,0,4498.0,3823.3,1,Noir Starter Combo,Noir,Combo,2199,1121.0,2026-01-05,Pune,Organic/Direct,18-22
380,259,11,1,2299.0,2299.0,220,2026-01-05 13:11:00,COD,RTO,LAUNCH15,15,674.7,0,4498.0,3823.3,1,Blanc Essentials Combo,Blanc,Combo,2299,1150.0,2026-01-05,Pune,Organic/Direct,18-22
381,260,3,1,1299.0,1299.0,221,2026-01-06 18:45:00,COD,Delivered,NONE,0,0.0,49,1299.0,1348.0,0,Terry Oversized Tee,Noir,Tee,1299,650.0,2026-01-06,Jaipur,Influencer,23-27
382,261,6,1,1599.0,1599.0,141,2026-01-07 16:22:00,COD,Delivered,WELCOME10,10,159.9,49,1599.0,1488.1,0,Oversized Shirt,Noir,Shirt,1599,752.0,2025-12-07,Indore,Instagram Ads,23-27
383,262,7,1,1499.0,1499.0,222,2026-01-07 08:20:00,COD,RTO,LAUNCH15,15,1274.25,0,8495.0,7220.75,1,Sweatpants,Noir,Bottoms,1499,735.0,2026-01-07,Nagpur,Organic/Direct,18-22
384,262,3,2,1299.0,2598.0,222,2026-01-07 08:20:00,COD,RTO,LAUNCH15,15,1274.25,0,8495.0,7220.75,1,Terry Oversized Tee,Noir,Tee,1299,650.0,2026-01-07,Nagpur,Organic/Direct,18-22
385,262,10,2,2199.0,4398.0,222,2026-01-07 08:20:00,COD,RTO,LAUNCH15,15,1274.25,0,8495.0,7220.75,1,Noir Starter Combo,Noir,Combo,2199,1121.0,2026-01-07,Nagpur,Organic/Direct,18-22
386,263,3,1,1299.0,1299.0,223,2026-01-07 16:37:00,Prepaid,Delivered,REF10,10,129.9,0,1299.0,1169.1,0,Terry Oversized Tee,Noir,Tee,1299,650.0,2026-01-07,Bengaluru,Instagram Ads,35+
387,264,3,1,1299.0,1299.0,224,2026-01-07 16:14:00,Prepaid,Delivered,NONE,0,0.0,0,1299.0,1299.0,0,Terry Oversized Tee,Noir,Tee,1299,650.0,2026-01-07,Nagpur,Influencer,23-27
388,265,12,1,3499.0,3499.0,225,2026-01-09 19:02:00,COD,Delivered,WELCOME10,10,469.8,0,4698.0,4228.2,0,Full Fit Combo,Noir,Combo,3499,1715.0,2026-01-09,Delhi,Influencer,28-34
389,265,4,1,1199.0,1199.0,225,2026-01-09 19:02:00,COD,Delivered,WELCOME10,10,469.8,0,4698.0,4228.2,0,Acid Wash Tee,Noir,Tee,1199,576.0,2026-01-09,Delhi,Influencer,28-34
390,266,10,2,2199.0,4398.0,226,2026-01-09 18:59:00,COD,RTO,NONE,0,0.0,0,4398.0,4398.0,1,Noir Starter Combo,Noir,Combo,2199,1121.0,2026-01-09,Mumbai,Organic/Direct,23-27
391,267,11,1,2299.0,2299.0,227,2026-01-10 09:03:00,COD,Delivered,NONE,0,0.0,0,2299.0,2299.0,0,Blanc Essentials Combo,Blanc,Combo,2299,1150.0,2026-01-10,Jaipur,Instagram Ads,18-22
392,268,3,1,1299.0,1299.0,228,2026-01-11 16:25:00,COD,Delivered,NONE,0,0.0,49,1299.0,1348.0,0,Terry Oversized Tee,Noir,Tee,1299,650.0,2026-01-11,Hyderabad,Instagram Ads,23-27
393,269,1,1,999.0,999.0,177,2026-01-11 21:11:00,COD,Delivered,FESTIVE20,20,199.8,49,999.0,848.2,0,Oversized Tee - Noir,Noir,Tee,999,519.0,2025-12-22,Nagpur,Instagram Ads,28-34
394,270,9,1,999.0,999.0,229,2026-01-11 19:37:00,COD,Delivered,WELCOME10,10,99.9,49,999.0,948.1,0,Terry Shorts,Blanc,Bottoms,999,500.0,2026-01-11,Hyderabad,Organic/Direct,23-27
395,271,12,2,3499.0,6998.0,230,2026-01-11 09:09:00,COD,Returned,REF10,10,699.8,0,6998.0,6298.2,0,Full Fit Combo,Noir,Combo,3499,1715.0,2026-01-11,Mumbai,Instagram Ads,18-22
396,272,8,1,699.0,699.0,231,2026-01-12 14:45:00,COD,Delivered,REF10,10,69.9,49,699.0,678.1,0,Baseball Cap,Blanc,Accessory,699,384.0,2026-01-12,Ahmedabad,Instagram Ads,18-22
397,273,9,2,999.0,1998.0,232,2026-01-12 20:17:00,Prepaid,Cancelled,WELCOME10,10,199.8,0,1998.0,1798.2,0,Terry Shorts,Blanc,Bottoms,999,500.0,2026-01-12,Nashik,Google Ads,28-34
398,274,2,1,999.0,999.0,233,2026-01-13 12:56:00,COD,Delivered,NONE,0,0.0,0,2598.0,2598.0,0,Oversized Tee - Blanc,Blanc,Tee,999,519.0,2026-01-13,Nagpur,Influencer,23-27
399,274,6,1,1599.0,1599.0,233,2026-01-13 12:56:00,COD,Delivered,NONE,0,0.0,0,2598.0,2598.0,0,Oversized Shirt,Noir,Shirt,1599,752.0,2026-01-13,Nagpur,Influencer,23-27
400,275,1,1,999.0,999.0,207,2026-01-13 15:06:00,COD,RTO,WELCOME10,10,99.9,49,999.0,948.1,1,Oversized Tee - Noir,Noir,Tee,999,519.0,2026-01-02,Nashik,Organic/Direct,18-22
401,276,1,1,999.0,999.0,234,2026-01-13 13:58:00,COD,Delivered,FESTIVE20,20,499.6,0,2498.0,1998.4,0,Oversized Tee - Noir,Noir,Tee,999,519.0,2026-01-13,Delhi,Organic/Direct,23-27
402,276,7,1,1499.0,1499.0,234,2026-01-13 13:58:00,COD,Delivered,FESTIVE20,20,499.6,0,2498.0,1998.4,0,Sweatpants,Noir,Bottoms,1499,735.0,2026-01-13,Delhi,Organic/Direct,23-27
403,277,10,1,2199.0,2199.0,235,2026-01-14 20:01:00,Prepaid,Delivered,REF10,10,319.8,0,3198.0,2878.2,0,Noir Starter Combo,Noir,Combo,2199,1121.0,2026-01-14,Nagpur,Organic/Direct,23-27
404,277,9,1,999.0,999.0,235,2026-01-14 20:01:00,Prepaid,Delivered,REF10,10,319.8,0,3198.0,2878.2,0,Terry Shorts,Blanc,Bottoms,999,500.0,2026-01-14,Nagpur,Organic/Direct,23-27
405,278,3,1,1299.0,1299.0,236,2026-01-15 13:21:00,Prepaid,Delivered,WELCOME10,10,129.9,0,1299.0,1169.1,0,Terry Oversized Tee,Noir,Tee,1299,650.0,2026-01-15,Mumbai,Instagram Ads,18-22
406,279,10,1,2199.0,2199.0,237,2026-01-17 15:10:00,COD,Delivered,LAUNCH15,15,329.85,0,2199.0,1869.15,0,Noir Starter Combo,Noir,Combo,2199,1121.0,2026-01-17,Lucknow,Influencer,23-27
407,280,1,1,999.0,999.0,143,2026-01-17 18:04:00,COD,Delivered,WELCOME10,10,99.9,49,999.0,948.1,0,Oversized Tee - Noir,Noir,Tee,999,519.0,2025-12-08,Ahmedabad,Instagram Ads,28-34
408,281,11,1,2299.0,2299.0,238,2026-01-17 12:30:00,COD,Delivered,NONE,0,0.0,0,2299.0,2299.0,0,Blanc Essentials Combo,Blanc,Combo,2299,1150.0,2026-01-17,Bengaluru,Referral,18-22
409,282,3,1,1299.0,1299.0,239,2026-01-18 11:53:00,COD,Delivered,NONE,0,0.0,49,1299.0,1348.0,0,Terry Oversized Tee,Noir,Tee,1299,650.0,2026-01-18,Nagpur,Organic/Direct,23-27
410,283,2,1,999.0,999.0,240,2026-01-18 14:10:00,COD,Returned,LAUNCH15,15,149.85,49,999.0,898.15,0,Oversized Tee - Blanc,Blanc,Tee,999,519.0,2026-01-18,Delhi,Organic/Direct,23-27
411,284,5,1,1099.0,1099.0,241,2026-01-18 12:18:00,COD,Delivered,REF10,10,109.9,49,1099.0,1038.1,0,Men's Polo,Blanc,Polo,1099,550.0,2026-01-18,Bengaluru,Instagram Ads,23-27
412,285,10,1,2199.0,2199.0,242,2026-01-18 14:22:00,COD,Delivered,LAUNCH15,15,329.85,0,2199.0,1869.15,0,Noir Starter Combo,Noir,Combo,2199,1121.0,2026-01-18,Nagpur,Instagram Ads,18-22
413,286,1,1,999.0,999.0,243,2026-01-18 19:00:00,COD,Delivered,NONE,0,0.0,49,999.0,1048.0,0,Oversized Tee - Noir,Noir,Tee,999,519.0,2026-01-18,Mumbai,Google Ads,23-27
414,287,4,2,1199.0,2398.0,244,2026-01-18 20:07:00,COD,Delivered,NONE,0,0.0,0,5896.0,5896.0,0,Acid Wash Tee,Noir,Tee,1199,576.0,2026-01-18,Kolkata,Influencer,23-27
415,287,10,1,2199.0,2199.0,244,2026-01-18 20:07:00,COD,Delivered,NONE,0,0.0,0,5896.0,5896.0,0,Noir Starter Combo,Noir,Combo,2199,1121.0,2026-01-18,Kolkata,Influencer,23-27
416,287,3,1,1299.0,1299.0,244,2026-01-18 20:07:00,COD,Delivered,NONE,0,0.0,0,5896.0,5896.0,0,Terry Oversized Tee,Noir,Tee,1299,650.0,2026-01-18,Kolkata,Influencer,23-27
417,288,7,1,1499.0,1499.0,245,2026-01-19 19:47:00,COD,Delivered,REF10,10,149.9,49,1499.0,1398.1,0,Sweatpants,Noir,Bottoms,1499,735.0,2026-01-19,Nagpur,Organic/Direct,18-22
418,289,1,1,999.0,999.0,246,2026-01-20 16:55:00,Prepaid,Delivered,LAUNCH15,15,149.85,0,999.0,849.15,0,Oversized Tee - Noir,Noir,Tee,999,519.0,2026-01-20,Ahmedabad,Instagram Ads,28-34
419,290,10,1,2199.0,2199.0,247,2026-01-20 13:02:00,COD,Cancelled,NONE,0,0.0,0,2199.0,2199.0,0,Noir Starter Combo,Noir,Combo,2199,1121.0,2026-01-20,Nagpur,Instagram Ads,23-27
420,291,6,1,1599.0,1599.0,248,2026-01-20 14:09:00,COD,Delivered,FESTIVE20,20,319.8,49,1599.0,1328.2,0,Oversized Shirt,Noir,Shirt,1599,752.0,2026-01-20,Pune,Referral,23-27
421,292,1,1,999.0,999.0,249,2026-01-21 11:29:00,Prepaid,Delivered,FESTIVE20,20,399.6,0,1998.0,1598.4,0,Oversized Tee - Noir,Noir,Tee,999,519.0,2026-01-21,Mumbai,Instagram Ads,18-22
422,292,2,1,999.0,999.0,249,2026-01-21 11:29:00,Prepaid,Delivered,FESTIVE20,20,399.6,0,1998.0,1598.4,0,Oversized Tee - Blanc,Blanc,Tee,999,519.0,2026-01-21,Mumbai,Instagram Ads,18-22
423,293,2,1,999.0,999.0,250,2026-01-21 13:02:00,COD,Delivered,NONE,0,0.0,0,2198.0,2198.0,0,Oversized Tee - Blanc,Blanc,Tee,999,519.0,2026-01-21,Mumbai,Influencer,23-27
424,293,4,1,1199.0,1199.0,250,2026-01-21 13:02:00,COD,Delivered,NONE,0,0.0,0,2198.0,2198.0,0,Acid Wash Tee,Noir,Tee,1199,576.0,2026-01-21,Mumbai,Influencer,23-27
425,294,2,1,999.0,999.0,251,2026-01-21 15:14:00,COD,Delivered,NONE,0,0.0,49,999.0,1048.0,0,Oversized Tee - Blanc,Blanc,Tee,999,519.0,2026-01-21,Ahmedabad,Instagram Ads,23-27
426,295,8,1,699.0,699.0,252,2026-01-22 18:51:00,COD,RTO,NONE,0,0.0,49,699.0,748.0,1,Baseball Cap,Blanc,Accessory,699,384.0,2026-01-22,Lucknow,Organic/Direct,28-34
427,296,2,1,999.0,999.0,253,2026-01-23 22:33:00,COD,Delivered,NONE,0,0.0,0,4498.0,4498.0,0,Oversized Tee - Blanc,Blanc,Tee,999,519.0,2026-01-23,Delhi,Organic/Direct,23-27
428,296,12,1,3499.0,3499.0,253,2026-01-23 22:33:00,COD,Delivered,NONE,0,0.0,0,4498.0,4498.0,0,Full Fit Combo,Noir,Combo,3499,1715.0,2026-01-23,Delhi,Organic/Direct,23-27
429,297,10,1,2199.0,2199.0,254,2026-01-23 12:57:00,COD,Delivered,REF10,10,369.8,0,3698.0,3328.2,0,Noir Starter Combo,Noir,Combo,2199,1121.0,2026-01-23,Nagpur,Google Ads,18-22
430,297,7,1,1499.0,1499.0,254,2026-01-23 12:57:00,COD,Delivered,REF10,10,369.8,0,3698.0,3328.2,0,Sweatpants,Noir,Bottoms,1499,735.0,2026-01-23,Nagpur,Google Ads,18-22
431,298,7,1,1499.0,1499.0,195,2026-01-24 13:13:00,COD,Delivered,NONE,0,0.0,0,2598.0,2598.0,0,Sweatpants,Noir,Bottoms,1499,735.0,2025-12-29,Hyderabad,Google Ads,28-34
432,298,5,1,1099.0,1099.0,195,2026-01-24 13:13:00,COD,Delivered,NONE,0,0.0,0,2598.0,2598.0,0,Men's Polo,Blanc,Polo,1099,550.0,2025-12-29,Hyderabad,Google Ads,28-34
433,299,9,1,999.0,999.0,255,2026-01-25 08:07:00,COD,RTO,LAUNCH15,15,149.85,49,999.0,898.15,1,Terry Shorts,Blanc,Bottoms,999,500.0,2026-01-25,Mumbai,Organic/Direct,23-27
434,300,8,1,699.0,699.0,10,2026-01-27 21:48:00,Prepaid,Delivered,REF10,10,169.8,0,1698.0,1528.2,0,Baseball Cap,Blanc,Accessory,699,384.0,2025-09-12,Lucknow,Organic/Direct,35+
435,300,9,1,999.0,999.0,10,2026-01-27 21:48:00,Prepaid,Delivered,REF10,10,169.8,0,1698.0,1528.2,0,Terry Shorts,Blanc,Bottoms,999,500.0,2025-09-12,Lucknow,Organic/Direct,35+
436,301,4,2,1199.0,2398.0,256,2026-01-27 10:42:00,Prepaid,Delivered,WELCOME10,10,239.8,0,2398.0,2158.2,0,Acid Wash Tee,Noir,Tee,1199,576.0,2026-01-27,Lucknow,Organic/Direct,18-22
437,302,3,1,1299.0,1299.0,257,2026-01-27 13:00:00,COD,Delivered,NONE,0,0.0,0,3497.0,3497.0,0,Terry Oversized Tee,Noir,Tee,1299,650.0,2026-01-27,Delhi,Organic/Direct,28-34
438,302,1,1,999.0,999.0,257,2026-01-27 13:00:00,COD,Delivered,NONE,0,0.0,0,3497.0,3497.0,0,Oversized Tee - Noir,Noir,Tee,999,519.0,2026-01-27,Delhi,Organic/Direct,28-34
439,302,4,1,1199.0,1199.0,257,2026-01-27 13:00:00,COD,Delivered,NONE,0,0.0,0,3497.0,3497.0,0,Acid Wash Tee,Noir,Tee,1199,576.0,2026-01-27,Delhi,Organic/Direct,28-34
440,303,6,1,1599.0,1599.0,258,2026-01-28 16:17:00,COD,RTO,WELCOME10,10,159.9,49,1599.0,1488.1,1,Oversized Shirt,Noir,Shirt,1599,752.0,2026-01-28,Mumbai,Organic/Direct,23-27
441,304,12,1,3499.0,3499.0,259,2026-01-28 18:32:00,COD,RTO,REF10,10,499.8,0,4998.0,4498.2,1,Full Fit Combo,Noir,Combo,3499,1715.0,2026-01-28,Nashik,Instagram Ads,18-22
442,304,7,1,1499.0,1499.0,259,2026-01-28 18:32:00,COD,RTO,REF10,10,499.8,0,4998.0,4498.2,1,Sweatpants,Noir,Bottoms,1499,735.0,2026-01-28,Nashik,Instagram Ads,18-22
443,305,12,1,3499.0,3499.0,260,2026-01-29 14:19:00,Prepaid,Delivered,FESTIVE20,20,939.6,0,4698.0,3758.4,0,Full Fit Combo,Noir,Combo,3499,1715.0,2026-01-29,Bengaluru,Influencer,18-22
444,305,4,1,1199.0,1199.0,260,2026-01-29 14:19:00,Prepaid,Delivered,FESTIVE20,20,939.6,0,4698.0,3758.4,0,Acid Wash Tee,Noir,Tee,1199,576.0,2026-01-29,Bengaluru,Influencer,18-22
445,306,7,1,1499.0,1499.0,261,2026-01-29 18:42:00,COD,Delivered,REF10,10,149.9,49,1499.0,1398.1,0,Sweatpants,Noir,Bottoms,1499,735.0,2026-01-29,Mumbai,Influencer,28-34
446,307,6,1,1599.0,1599.0,262,2026-01-29 12:33:00,COD,RTO,LAUNCH15,15,239.85,49,1599.0,1408.15,1,Oversized Shirt,Noir,Shirt,1599,752.0,2026-01-29,Indore,Influencer,23-27
447,308,5,2,1099.0,2198.0,263,2026-01-30 12:23:00,COD,Delivered,NONE,0,0.0,0,4396.0,4396.0,0,Men's Polo,Blanc,Polo,1099,550.0,2026-01-30,Mumbai,Instagram Ads,18-22
448,308,1,1,999.0,999.0,263,2026-01-30 12:23:00,COD,Delivered,NONE,0,0.0,0,4396.0,4396.0,0,Oversized Tee - Noir,Noir,Tee,999,519.0,2026-01-30,Mumbai,Instagram Ads,18-22
449,308,4,1,1199.0,1199.0,263,2026-01-30 12:23:00,COD,Delivered,NONE,0,0.0,0,4396.0,4396.0,0,Acid Wash Tee,Noir,Tee,1199,576.0,2026-01-30,Mumbai,Instagram Ads,18-22
450,309,11,2,2299.0,4598.0,264,2026-01-30 19:20:00,COD,RTO,NONE,0,0.0,0,4598.0,4598.0,1,Blanc Essentials Combo,Blanc,Combo,2299,1150.0,2026-01-30,Hyderabad,Instagram Ads,35+
451,310,4,1,1199.0,1199.0,265,2026-01-30 17:56:00,COD,Delivered,REF10,10,219.8,0,2198.0,1978.2,0,Acid Wash Tee,Noir,Tee,1199,576.0,2026-01-30,Delhi,Organic/Direct,28-34
452,310,9,1,999.0,999.0,265,2026-01-30 17:56:00,COD,Delivered,REF10,10,219.8,0,2198.0,1978.2,0,Terry Shorts,Blanc,Bottoms,999,500.0,2026-01-30,Delhi,Organic/Direct,28-34
453,311,1,1,999.0,999.0,266,2026-01-31 16:00:00,COD,RTO,REF10,10,99.9,49,999.0,948.1,1,Oversized Tee - Noir,Noir,Tee,999,519.0,2026-01-31,Nagpur,Organic/Direct,35+
454,312,2,1,999.0,999.0,267,2026-01-31 14:15:00,COD,Delivered,NONE,0,0.0,49,999.0,1048.0,0,Oversized Tee - Blanc,Blanc,Tee,999,519.0,2026-01-31,Hyderabad,Influencer,23-27
455,313,1,1,999.0,999.0,268,2026-01-31 18:34:00,COD,Delivered,REF10,10,99.9,49,999.0,948.1,0,Oversized Tee - Noir,Noir,Tee,999,519.0,2026-01-31,Nagpur,Google Ads,18-22
456,314,7,1,1499.0,1499.0,269,2026-01-31 16:31:00,COD,Delivered,REF10,10,379.8,0,3798.0,3418.2,0,Sweatpants,Noir,Bottoms,1499,735.0,2026-01-31,Lucknow,Influencer,18-22
457,314,11,1,2299.0,2299.0,269,2026-01-31 16:31:00,COD,Delivered,REF10,10,379.8,0,3798.0,3418.2,0,Blanc Essentials Combo,Blanc,Combo,2299,1150.0,2026-01-31,Lucknow,Influencer,18-22
458,315,3,1,1299.0,1299.0,270,2026-01-31 10:59:00,COD,Delivered,NONE,0,0.0,49,1299.0,1348.0,0,Terry Oversized Tee,Noir,Tee,1299,650.0,2026-01-31,Delhi,Influencer,18-22
459,316,10,1,2199.0,2199.0,271,2026-02-01 19:32:00,COD,RTO,FESTIVE20,20,1039.4,0,5197.0,4157.6,1,Noir Starter Combo,Noir,Combo,2199,1121.0,2026-02-01,Delhi,Instagram Ads,18-22
460,316,7,2,1499.0,2998.0,271,2026-02-01 19:32:00,COD,RTO,FESTIVE20,20,1039.4,0,5197.0,4157.6,1,Sweatpants,Noir,Bottoms,1499,735.0,2026-02-01,Delhi,Instagram Ads,18-22
461,317,6,1,1599.0,1599.0,272,2026-02-01 10:11:00,COD,RTO,NONE,0,0.0,0,2598.0,2598.0,1,Oversized Shirt,Noir,Shirt,1599,752.0,2026-02-01,Mumbai,Organic/Direct,23-27
462,317,2,1,999.0,999.0,272,2026-02-01 10:11:00,COD,RTO,NONE,0,0.0,0,2598.0,2598.0,1,Oversized Tee - Blanc,Blanc,Tee,999,519.0,2026-02-01,Mumbai,Organic/Direct,23-27
463,318,2,1,999.0,999.0,273,2026-02-02 14:34:00,COD,Delivered,NONE,0,0.0,0,2598.0,2598.0,0,Oversized Tee - Blanc,Blanc,Tee,999,519.0,2026-02-02,Pune,Instagram Ads,23-27
464,318,6,1,1599.0,1599.0,273,2026-02-02 14:34:00,COD,Delivered,NONE,0,0.0,0,2598.0,2598.0,0,Oversized Shirt,Noir,Shirt,1599,752.0,2026-02-02,Pune,Instagram Ads,23-27
465,319,6,1,1599.0,1599.0,274,2026-02-03 17:40:00,Prepaid,Returned,WELCOME10,10,399.7,0,3997.0,3597.3,0,Oversized Shirt,Noir,Shirt,1599,752.0,2026-02-03,Indore,Organic/Direct,35+
466,319,5,1,1099.0,1099.0,274,2026-02-03 17:40:00,Prepaid,Returned,WELCOME10,10,399.7,0,3997.0,3597.3,0,Men's Polo,Blanc,Polo,1099,550.0,2026-02-03,Indore,Organic/Direct,35+
467,319,3,1,1299.0,1299.0,274,2026-02-03 17:40:00,Prepaid,Returned,WELCOME10,10,399.7,0,3997.0,3597.3,0,Terry Oversized Tee,Noir,Tee,1299,650.0,2026-02-03,Indore,Organic/Direct,35+
468,320,7,1,1499.0,1499.0,171,2026-02-03 17:00:00,COD,Delivered,LAUNCH15,15,224.85,49,1499.0,1323.15,0,Sweatpants,Noir,Bottoms,1499,735.0,2025-12-21,Hyderabad,Organic/Direct,18-22
469,321,1,2,999.0,1998.0,275,2026-02-04 09:35:00,COD,Cancelled,LAUNCH15,15,1049.4,0,6996.0,5946.6,0,Oversized Tee - Noir,Noir,Tee,999,519.0,2026-02-04,Hyderabad,Influencer,23-27
470,321,12,1,3499.0,3499.0,275,2026-02-04 09:35:00,COD,Cancelled,LAUNCH15,15,1049.4,0,6996.0,5946.6,0,Full Fit Combo,Noir,Combo,3499,1715.0,2026-02-04,Hyderabad,Influencer,23-27
471,321,7,1,1499.0,1499.0,275,2026-02-04 09:35:00,COD,Cancelled,LAUNCH15,15,1049.4,0,6996.0,5946.6,0,Sweatpants,Noir,Bottoms,1499,735.0,2026-02-04,Hyderabad,Influencer,23-27
472,322,10,1,2199.0,2199.0,175,2026-02-04 17:43:00,COD,RTO,WELCOME10,10,479.7,0,4797.0,4317.3,1,Noir Starter Combo,Noir,Combo,2199,1121.0,2025-12-21,Mumbai,Google Ads,18-22
473,322,3,2,1299.0,2598.0,175,2026-02-04 17:43:00,COD,RTO,WELCOME10,10,479.7,0,4797.0,4317.3,1,Terry Oversized Tee,Noir,Tee,1299,650.0,2025-12-21,Mumbai,Google Ads,18-22
474,323,9,1,999.0,999.0,276,2026-02-04 11:10:00,Prepaid,Delivered,NONE,0,0.0,0,999.0,999.0,0,Terry Shorts,Blanc,Bottoms,999,500.0,2026-02-04,Hyderabad,Organic/Direct,23-27
475,324,8,1,699.0,699.0,277,2026-02-05 15:59:00,COD,Delivered,NONE,0,0.0,49,699.0,748.0,0,Baseball Cap,Blanc,Accessory,699,384.0,2026-02-05,Nashik,Organic/Direct,23-27
476,325,4,1,1199.0,1199.0,214,2026-02-06 08:21:00,COD,Delivered,NONE,0,0.0,49,1199.0,1248.0,0,Acid Wash Tee,Noir,Tee,1199,576.0,2026-01-04,Pune,Referral,18-22
477,326,3,1,1299.0,1299.0,278,2026-02-07 12:19:00,COD,Delivered,FESTIVE20,20,479.6,0,2398.0,1918.4,0,Terry Oversized Tee,Noir,Tee,1299,650.0,2026-02-07,Bengaluru,Instagram Ads,23-27
478,326,5,1,1099.0,1099.0,278,2026-02-07 12:19:00,COD,Delivered,FESTIVE20,20,479.6,0,2398.0,1918.4,0,Men's Polo,Blanc,Polo,1099,550.0,2026-02-07,Bengaluru,Instagram Ads,23-27
479,327,7,1,1499.0,1499.0,279,2026-02-07 08:44:00,Prepaid,Delivered,LAUNCH15,15,224.85,0,1499.0,1274.15,0,Sweatpants,Noir,Bottoms,1499,735.0,2026-02-07,Pune,Instagram Ads,23-27
480,328,1,1,999.0,999.0,142,2026-02-07 14:21:00,Prepaid,Delivered,NONE,0,0.0,0,999.0,999.0,0,Oversized Tee - Noir,Noir,Tee,999,519.0,2025-12-07,Nagpur,Instagram Ads,23-27
481,329,7,1,1499.0,1499.0,35,2026-02-07 19:36:00,COD,RTO,REF10,10,149.9,49,1499.0,1398.1,1,Sweatpants,Noir,Bottoms,1499,735.0,2025-10-11,Kolkata,Organic/Direct,18-22
482,330,7,1,1499.0,1499.0,280,2026-02-07 16:04:00,COD,Delivered,NONE,0,0.0,0,1499.0,1499.0,0,Sweatpants,Noir,Bottoms,1499,735.0,2026-02-07,Mumbai,Instagram Ads,18-22
483,331,1,1,999.0,999.0,281,2026-02-07 23:39:00,COD,Delivered,WELCOME10,10,169.8,0,1698.0,1528.2,0,Oversized Tee - Noir,Noir,Tee,999,519.0,2026-02-07,Nagpur,Organic/Direct,28-34
484,331,8,1,699.0,699.0,281,2026-02-07 23:39:00,COD,Delivered,WELCOME10,10,169.8,0,1698.0,1528.2,0,Baseball Cap,Blanc,Accessory,699,384.0,2026-02-07,Nagpur,Organic/Direct,28-34
485,332,1,1,999.0,999.0,282,2026-02-07 09:54:00,COD,Delivered,LAUNCH15,15,149.85,49,999.0,898.15,0,Oversized Tee - Noir,Noir,Tee,999,519.0,2026-02-07,Nashik,Referral,23-27
486,333,6,1,1599.0,1599.0,164,2026-02-07 15:48:00,COD,Delivered,REF10,10,159.9,49,1599.0,1488.1,0,Oversized Shirt,Noir,Shirt,1599,752.0,2025-12-20,Nagpur,Instagram Ads,28-34
487,334,12,1,3499.0,3499.0,157,2026-02-09 17:43:00,COD,Delivered,NONE,0,0.0,0,4698.0,4698.0,0,Full Fit Combo,Noir,Combo,3499,1715.0,2025-12-16,Nagpur,Instagram Ads,18-22
488,334,4,1,1199.0,1199.0,157,2026-02-09 17:43:00,COD,Delivered,NONE,0,0.0,0,4698.0,4698.0,0,Acid Wash Tee,Noir,Tee,1199,576.0,2025-12-16,Nagpur,Instagram Ads,18-22
489,335,4,1,1199.0,1199.0,283,2026-02-09 17:54:00,COD,Delivered,NONE,0,0.0,49,1199.0,1248.0,0,Acid Wash Tee,Noir,Tee,1199,576.0,2026-02-09,Nagpur,Influencer,18-22
490,336,1,1,999.0,999.0,284,2026-02-09 12:06:00,COD,Delivered,NONE,0,0.0,49,999.0,1048.0,0,Oversized Tee - Noir,Noir,Tee,999,519.0,2026-02-09,Jaipur,Google Ads,28-34
491,337,2,2,999.0,1998.0,285,2026-02-11 15:38:00,COD,Delivered,NONE,0,0.0,0,2997.0,2997.0,0,Oversized Tee - Blanc,Blanc,Tee,999,519.0,2026-02-11,Mumbai,Google Ads,28-34
492,337,9,1,999.0,999.0,285,2026-02-11 15:38:00,COD,Delivered,NONE,0,0.0,0,2997.0,2997.0,0,Terry Shorts,Blanc,Bottoms,999,500.0,2026-02-11,Mumbai,Google Ads,28-34
493,338,8,1,699.0,699.0,286,2026-02-11 08:48:00,COD,RTO,NONE,0,0.0,49,699.0,748.0,1,Baseball Cap,Blanc,Accessory,699,384.0,2026-02-11,Nagpur,Instagram Ads,28-34
494,339,11,1,2299.0,2299.0,287,2026-02-11 15:28:00,COD,Delivered,NONE,0,0.0,0,2299.0,2299.0,0,Blanc Essentials Combo,Blanc,Combo,2299,1150.0,2026-02-11,Mumbai,Google Ads,18-22
495,340,7,1,1499.0,1499.0,288,2026-02-12 14:49:00,COD,RTO,NONE,0,0.0,0,1499.0,1499.0,1,Sweatpants,Noir,Bottoms,1499,735.0,2026-02-12,Pune,Instagram Ads,28-34
496,341,9,1,999.0,999.0,289,2026-02-12 19:16:00,COD,Delivered,NONE,0,0.0,0,2997.0,2997.0,0,Terry Shorts,Blanc,Bottoms,999,500.0,2026-02-12,Ahmedabad,Instagram Ads,28-34
497,341,1,2,999.0,1998.0,289,2026-02-12 19:16:00,COD,Delivered,NONE,0,0.0,0,2997.0,2997.0,0,Oversized Tee - Noir,Noir,Tee,999,519.0,2026-02-12,Ahmedabad,Instagram Ads,28-34
498,342,1,1,999.0,999.0,290,2026-02-13 20:31:00,COD,RTO,WELCOME10,10,99.9,49,999.0,948.1,1,Oversized Tee - Noir,Noir,Tee,999,519.0,2026-02-13,Kolkata,Instagram Ads,28-34
499,343,1,2,999.0,1998.0,82,2026-02-14 14:39:00,COD,Delivered,NONE,0,0.0,0,1998.0,1998.0,0,Oversized Tee - Noir,Noir,Tee,999,519.0,2025-11-04,Nagpur,Instagram Ads,23-27
500,344,5,1,1099.0,1099.0,291,2026-02-14 14:45:00,COD,Delivered,NONE,0,0.0,49,1099.0,1148.0,0,Men's Polo,Blanc,Polo,1099,550.0,2026-02-14,Pune,Influencer,28-34
501,345,5,2,1099.0,2198.0,292,2026-02-14 15:30:00,COD,Delivered,WELCOME10,10,219.8,0,2198.0,1978.2,0,Men's Polo,Blanc,Polo,1099,550.0,2026-02-14,Mumbai,Organic/Direct,35+
502,346,6,1,1599.0,1599.0,293,2026-02-14 11:22:00,COD,Delivered,WELCOME10,10,159.9,49,1599.0,1488.1,0,Oversized Shirt,Noir,Shirt,1599,752.0,2026-02-14,Lucknow,Organic/Direct,23-27
503,347,8,1,699.0,699.0,294,2026-02-16 21:41:00,COD,Returned,LAUNCH15,15,104.85,49,699.0,643.15,0,Baseball Cap,Blanc,Accessory,699,384.0,2026-02-16,Ahmedabad,Instagram Ads,18-22
504,348,12,1,3499.0,3499.0,295,2026-02-17 13:14:00,Prepaid,Delivered,FESTIVE20,20,699.8,0,3499.0,2799.2,0,Full Fit Combo,Noir,Combo,3499,1715.0,2026-02-17,Indore,Organic/Direct,23-27
505,349,1,2,999.0,1998.0,296,2026-02-17 09:25:00,COD,Delivered,REF10,10,759.5,0,7595.0,6835.5,0,Oversized Tee - Noir,Noir,Tee,999,519.0,2026-02-17,Kolkata,Google Ads,18-22
506,349,11,2,2299.0,4598.0,296,2026-02-17 09:25:00,COD,Delivered,REF10,10,759.5,0,7595.0,6835.5,0,Blanc Essentials Combo,Blanc,Combo,2299,1150.0,2026-02-17,Kolkata,Google Ads,18-22
507,349,2,1,999.0,999.0,296,2026-02-17 09:25:00,COD,Delivered,REF10,10,759.5,0,7595.0,6835.5,0,Oversized Tee - Blanc,Blanc,Tee,999,519.0,2026-02-17,Kolkata,Google Ads,18-22
508,350,9,1,999.0,999.0,99,2026-02-18 15:42:00,COD,Delivered,NONE,0,0.0,0,2498.0,2498.0,0,Terry Shorts,Blanc,Bottoms,999,500.0,2025-11-12,Nagpur,Instagram Ads,23-27
509,350,7,1,1499.0,1499.0,99,2026-02-18 15:42:00,COD,Delivered,NONE,0,0.0,0,2498.0,2498.0,0,Sweatpants,Noir,Bottoms,1499,735.0,2025-11-12,Nagpur,Instagram Ads,23-27
510,351,11,1,2299.0,2299.0,297,2026-02-19 15:04:00,COD,Delivered,WELCOME10,10,229.9,0,2299.0,2069.1,0,Blanc Essentials Combo,Blanc,Combo,2299,1150.0,2026-02-19,Mumbai,Organic/Direct,28-34
511,352,12,1,3499.0,3499.0,298,2026-02-19 20:11:00,COD,Cancelled,NONE,0,0.0,0,8097.0,8097.0,0,Full Fit Combo,Noir,Combo,3499,1715.0,2026-02-19,Mumbai,Google Ads,18-22
512,352,11,2,2299.0,4598.0,298,2026-02-19 20:11:00,COD,Cancelled,NONE,0,0.0,0,8097.0,8097.0,0,Blanc Essentials Combo,Blanc,Combo,2299,1150.0,2026-02-19,Mumbai,Google Ads,18-22
513,353,3,1,1299.0,1299.0,299,2026-02-21 17:38:00,COD,RTO,NONE,0,0.0,49,1299.0,1348.0,1,Terry Oversized Tee,Noir,Tee,1299,650.0,2026-02-21,Mumbai,Influencer,23-27
514,354,3,2,1299.0,2598.0,58,2026-02-22 18:57:00,Prepaid,Delivered,NONE,0,0.0,0,2598.0,2598.0,0,Terry Oversized Tee,Noir,Tee,1299,650.0,2025-10-22,Jaipur,Google Ads,18-22
515,355,12,1,3499.0,3499.0,300,2026-02-23 12:37:00,COD,RTO,NONE,0,0.0,0,3499.0,3499.0,1,Full Fit Combo,Noir,Combo,3499,1715.0,2026-02-23,Nagpur,Instagram Ads,23-27
516,356,3,1,1299.0,1299.0,301,2026-02-24 19:38:00,COD,Delivered,NONE,0,0.0,49,1299.0,1348.0,0,Terry Oversized Tee,Noir,Tee,1299,650.0,2026-02-24,Nagpur,Referral,28-34
517,357,7,1,1499.0,1499.0,302,2026-02-24 18:11:00,COD,RTO,FESTIVE20,20,999.6,0,4998.0,3998.4,1,Sweatpants,Noir,Bottoms,1499,735.0,2026-02-24,Nagpur,Organic/Direct,28-34
518,357,12,1,3499.0,3499.0,302,2026-02-24 18:11:00,COD,RTO,FESTIVE20,20,999.6,0,4998.0,3998.4,1,Full Fit Combo,Noir,Combo,3499,1715.0,2026-02-24,Nagpur,Organic/Direct,28-34
519,358,7,2,1499.0,2998.0,303,2026-02-25 18:43:00,COD,RTO,NONE,0,0.0,0,2998.0,2998.0,1,Sweatpants,Noir,Bottoms,1499,735.0,2026-02-25,Delhi,Influencer,23-27
520,359,6,1,1599.0,1599.0,304,2026-02-25 16:09:00,COD,Delivered,WELCOME10,10,159.9,49,1599.0,1488.1,0,Oversized Shirt,Noir,Shirt,1599,752.0,2026-02-25,Nagpur,Instagram Ads,23-27
521,360,2,2,999.0,1998.0,305,2026-02-25 14:19:00,COD,Delivered,NONE,0,0.0,0,1998.0,1998.0,0,Oversized Tee - Blanc,Blanc,Tee,999,519.0,2026-02-25,Nagpur,Organic/Direct,23-27
522,361,3,1,1299.0,1299.0,306,2026-02-25 17:55:00,COD,Delivered,NONE,0,0.0,49,1299.0,1348.0,0,Terry Oversized Tee,Noir,Tee,1299,650.0,2026-02-25,Jaipur,Instagram Ads,35+
523,362,9,1,999.0,999.0,307,2026-02-26 11:20:00,COD,Delivered,NONE,0,0.0,49,999.0,1048.0,0,Terry Shorts,Blanc,Bottoms,999,500.0,2026-02-26,Pune,Referral,23-27
524,363,10,1,2199.0,2199.0,308,2026-02-26 12:44:00,COD,Delivered,NONE,0,0.0,0,3398.0,3398.0,0,Noir Starter Combo,Noir,Combo,2199,1121.0,2026-02-26,Indore,Influencer,28-34
525,363,4,1,1199.0,1199.0,308,2026-02-26 12:44:00,COD,Delivered,NONE,0,0.0,0,3398.0,3398.0,0,Acid Wash Tee,Noir,Tee,1199,576.0,2026-02-26,Indore,Influencer,28-34
526,364,4,1,1199.0,1199.0,309,2026-02-26 22:31:00,COD,RTO,LAUNCH15,15,179.85,49,1199.0,1068.15,1,Acid Wash Tee,Noir,Tee,1199,576.0,2026-02-26,Hyderabad,Instagram Ads,23-27
527,365,8,1,699.0,699.0,310,2026-02-26 14:20:00,COD,Delivered,NONE,0,0.0,0,2298.0,2298.0,0,Baseball Cap,Blanc,Accessory,699,384.0,2026-02-26,Hyderabad,Google Ads,18-22
528,365,6,1,1599.0,1599.0,310,2026-02-26 14:20:00,COD,Delivered,NONE,0,0.0,0,2298.0,2298.0,0,Oversized Shirt,Noir,Shirt,1599,752.0,2026-02-26,Hyderabad,Google Ads,18-22
529,366,4,2,1199.0,2398.0,311,2026-02-27 14:29:00,COD,Delivered,NONE,0,0.0,0,3697.0,3697.0,0,Acid Wash Tee,Noir,Tee,1199,576.0,2026-02-27,Nagpur,Organic/Direct,28-34
530,366,3,1,1299.0,1299.0,311,2026-02-27 14:29:00,COD,Delivered,NONE,0,0.0,0,3697.0,3697.0,0,Terry Oversized Tee,Noir,Tee,1299,650.0,2026-02-27,Nagpur,Organic/Direct,28-34
531,367,5,2,1099.0,2198.0,18,2026-02-27 18:05:00,COD,Delivered,NONE,0,0.0,0,2198.0,2198.0,0,Men's Polo,Blanc,Polo,1099,550.0,2025-09-24,Kolkata,Instagram Ads,23-27
532,368,2,1,999.0,999.0,312,2026-02-27 13:51:00,COD,Delivered,NONE,0,0.0,0,1998.0,1998.0,0,Oversized Tee - Blanc,Blanc,Tee,999,519.0,2026-02-27,Indore,Instagram Ads,23-27
533,368,1,1,999.0,999.0,312,2026-02-27 13:51:00,COD,Delivered,NONE,0,0.0,0,1998.0,1998.0,0,Oversized Tee - Noir,Noir,Tee,999,519.0,2026-02-27,Indore,Instagram Ads,23-27
534,369,1,1,999.0,999.0,313,2026-02-28 19:53:00,COD,Delivered,WELCOME10,10,319.8,0,3198.0,2878.2,0,Oversized Tee - Noir,Noir,Tee,999,519.0,2026-02-28,Delhi,Referral,23-27
535,369,10,1,2199.0,2199.0,313,2026-02-28 19:53:00,COD,Delivered,WELCOME10,10,319.8,0,3198.0,2878.2,0,Noir Starter Combo,Noir,Combo,2199,1121.0,2026-02-28,Delhi,Referral,23-27
536,370,2,1,999.0,999.0,314,2026-02-28 19:16:00,COD,Delivered,NONE,0,0.0,49,999.0,1048.0,0,Oversized Tee - Blanc,Blanc,Tee,999,519.0,2026-02-28,Nagpur,Instagram Ads,23-27
537,371,1,1,999.0,999.0,315,2026-03-01 19:15:00,COD,RTO,WELCOME10,10,249.8,0,2498.0,2248.2,1,Oversized Tee - Noir,Noir,Tee,999,519.0,2026-03-01,Lucknow,Organic/Direct,23-27
538,371,7,1,1499.0,1499.0,315,2026-03-01 19:15:00,COD,RTO,WELCOME10,10,249.8,0,2498.0,2248.2,1,Sweatpants,Noir,Bottoms,1499,735.0,2026-03-01,Lucknow,Organic/Direct,23-27
539,372,2,2,999.0,1998.0,316,2026-03-02 14:33:00,COD,Delivered,WELCOME10,10,439.6,0,4396.0,3956.4,0,Oversized Tee - Blanc,Blanc,Tee,999,519.0,2026-03-02,Nagpur,Influencer,23-27
540,372,4,2,1199.0,2398.0,316,2026-03-02 14:33:00,COD,Delivered,WELCOME10,10,439.6,0,4396.0,3956.4,0,Acid Wash Tee,Noir,Tee,1199,576.0,2026-03-02,Nagpur,Influencer,23-27
541,373,3,2,1299.0,2598.0,317,2026-03-02 14:54:00,COD,Delivered,FESTIVE20,20,519.6,0,2598.0,2078.4,0,Terry Oversized Tee,Noir,Tee,1299,650.0,2026-03-02,Mumbai,Influencer,28-34
542,374,1,2,999.0,1998.0,318,2026-03-03 12:22:00,COD,Delivered,NONE,0,0.0,0,1998.0,1998.0,0,Oversized Tee - Noir,Noir,Tee,999,519.0,2026-03-03,Bengaluru,Instagram Ads,18-22
543,375,4,1,1199.0,1199.0,319,2026-03-03 11:18:00,COD,RTO,NONE,0,0.0,0,5797.0,5797.0,1,Acid Wash Tee,Noir,Tee,1199,576.0,2026-03-03,Nagpur,Organic/Direct,35+
544,375,11,2,2299.0,4598.0,319,2026-03-03 11:18:00,COD,RTO,NONE,0,0.0,0,5797.0,5797.0,1,Blanc Essentials Combo,Blanc,Combo,2299,1150.0,2026-03-03,Nagpur,Organic/Direct,35+
545,376,9,1,999.0,999.0,127,2026-03-03 16:13:00,COD,Delivered,FESTIVE20,20,199.8,49,999.0,848.2,0,Terry Shorts,Blanc,Bottoms,999,500.0,2025-11-27,Nashik,Organic/Direct,18-22
546,377,4,1,1199.0,1199.0,320,2026-03-04 08:02:00,Prepaid,Delivered,FESTIVE20,20,1379.4,0,6897.0,5517.6,0,Acid Wash Tee,Noir,Tee,1199,576.0,2026-03-04,Nagpur,Instagram Ads,23-27
547,377,12,1,3499.0,3499.0,320,2026-03-04 08:02:00,Prepaid,Delivered,FESTIVE20,20,1379.4,0,6897.0,5517.6,0,Full Fit Combo,Noir,Combo,3499,1715.0,2026-03-04,Nagpur,Instagram Ads,23-27
548,377,10,1,2199.0,2199.0,320,2026-03-04 08:02:00,Prepaid,Delivered,FESTIVE20,20,1379.4,0,6897.0,5517.6,0,Noir Starter Combo,Noir,Combo,2199,1121.0,2026-03-04,Nagpur,Instagram Ads,23-27
549,378,8,1,699.0,699.0,321,2026-03-05 11:45:00,Prepaid,Delivered,FESTIVE20,20,1079.4,0,5397.0,4317.6,0,Baseball Cap,Blanc,Accessory,699,384.0,2026-03-05,Pune,Organic/Direct,23-27
550,378,4,1,1199.0,1199.0,321,2026-03-05 11:45:00,Prepaid,Delivered,FESTIVE20,20,1079.4,0,5397.0,4317.6,0,Acid Wash Tee,Noir,Tee,1199,576.0,2026-03-05,Pune,Organic/Direct,23-27
551,378,12,1,3499.0,3499.0,321,2026-03-05 11:45:00,Prepaid,Delivered,FESTIVE20,20,1079.4,0,5397.0,4317.6,0,Full Fit Combo,Noir,Combo,3499,1715.0,2026-03-05,Pune,Organic/Direct,23-27
552,379,11,1,2299.0,2299.0,322,2026-03-05 18:44:00,Prepaid,Delivered,REF10,10,459.7,0,4597.0,4137.3,0,Blanc Essentials Combo,Blanc,Combo,2299,1150.0,2026-03-05,Nagpur,Organic/Direct,23-27
553,379,1,1,999.0,999.0,322,2026-03-05 18:44:00,Prepaid,Delivered,REF10,10,459.7,0,4597.0,4137.3,0,Oversized Tee - Noir,Noir,Tee,999,519.0,2026-03-05,Nagpur,Organic/Direct,23-27
554,379,3,1,1299.0,1299.0,322,2026-03-05 18:44:00,Prepaid,Delivered,REF10,10,459.7,0,4597.0,4137.3,0,Terry Oversized Tee,Noir,Tee,1299,650.0,2026-03-05,Nagpur,Organic/Direct,23-27
555,380,1,1,999.0,999.0,323,2026-03-05 16:28:00,COD,RTO,REF10,10,99.9,49,999.0,948.1,1,Oversized Tee - Noir,Noir,Tee,999,519.0,2026-03-05,Hyderabad,Instagram Ads,23-27
556,381,8,1,699.0,699.0,218,2026-03-06 19:04:00,Prepaid,Delivered,NONE,0,0.0,0,699.0,699.0,0,Baseball Cap,Blanc,Accessory,699,384.0,2026-01-05,Mumbai,Influencer,18-22
557,382,3,2,1299.0,2598.0,324,2026-03-07 12:21:00,Prepaid,Delivered,NONE,0,0.0,0,4197.0,4197.0,0,Terry Oversized Tee,Noir,Tee,1299,650.0,2026-03-07,Bengaluru,Instagram Ads,35+
558,382,6,1,1599.0,1599.0,324,2026-03-07 12:21:00,Prepaid,Delivered,NONE,0,0.0,0,4197.0,4197.0,0,Oversized Shirt,Noir,Shirt,1599,752.0,2026-03-07,Bengaluru,Instagram Ads,35+
559,383,11,1,2299.0,2299.0,325,2026-03-07 13:09:00,COD,Delivered,NONE,0,0.0,0,5798.0,5798.0,0,Blanc Essentials Combo,Blanc,Combo,2299,1150.0,2026-03-07,Ahmedabad,Influencer,35+
560,383,12,1,3499.0,3499.0,325,2026-03-07 13:09:00,COD,Delivered,NONE,0,0.0,0,5798.0,5798.0,0,Full Fit Combo,Noir,Combo,3499,1715.0,2026-03-07,Ahmedabad,Influencer,35+
561,384,8,1,699.0,699.0,151,2026-03-07 16:42:00,COD,Delivered,LAUNCH15,15,329.7,0,2198.0,1868.3,0,Baseball Cap,Blanc,Accessory,699,384.0,2025-12-14,Ahmedabad,Influencer,28-34
562,384,7,1,1499.0,1499.0,151,2026-03-07 16:42:00,COD,Delivered,LAUNCH15,15,329.7,0,2198.0,1868.3,0,Sweatpants,Noir,Bottoms,1499,735.0,2025-12-14,Ahmedabad,Influencer,28-34
563,385,2,2,999.0,1998.0,326,2026-03-08 22:59:00,COD,Delivered,REF10,10,199.8,0,1998.0,1798.2,0,Oversized Tee - Blanc,Blanc,Tee,999,519.0,2026-03-08,Nagpur,Instagram Ads,18-22
564,386,1,1,999.0,999.0,193,2026-03-08 13:11:00,COD,Delivered,WELCOME10,10,99.9,49,999.0,948.1,0,Oversized Tee - Noir,Noir,Tee,999,519.0,2025-12-28,Delhi,Instagram Ads,23-27
565,387,10,2,2199.0,4398.0,327,2026-03-08 15:54:00,COD,RTO,NONE,0,0.0,0,4398.0,4398.0,1,Noir Starter Combo,Noir,Combo,2199,1121.0,2026-03-08,Nashik,Influencer,18-22
566,388,3,1,1299.0,1299.0,328,2026-03-08 08:49:00,COD,RTO,NONE,0,0.0,0,3497.0,3497.0,1,Terry Oversized Tee,Noir,Tee,1299,650.0,2026-03-08,Delhi,Referral,18-22
567,388,5,2,1099.0,2198.0,328,2026-03-08 08:49:00,COD,RTO,NONE,0,0.0,0,3497.0,3497.0,1,Men's Polo,Blanc,Polo,1099,550.0,2026-03-08,Delhi,Referral,18-22
568,389,1,1,999.0,999.0,329,2026-03-09 14:42:00,COD,Delivered,NONE,0,0.0,49,999.0,1048.0,0,Oversized Tee - Noir,Noir,Tee,999,519.0,2026-03-09,Bengaluru,Google Ads,23-27
569,390,7,2,1499.0,2998.0,330,2026-03-09 19:47:00,COD,Delivered,NONE,0,0.0,0,2998.0,2998.0,0,Sweatpants,Noir,Bottoms,1499,735.0,2026-03-09,Mumbai,Instagram Ads,28-34
570,391,3,1,1299.0,1299.0,258,2026-03-10 23:13:00,COD,Delivered,NONE,0,0.0,0,6495.0,6495.0,0,Terry Oversized Tee,Noir,Tee,1299,650.0,2026-01-28,Mumbai,Organic/Direct,23-27
571,391,7,2,1499.0,2998.0,258,2026-03-10 23:13:00,COD,Delivered,NONE,0,0.0,0,6495.0,6495.0,0,Sweatpants,Noir,Bottoms,1499,735.0,2026-01-28,Mumbai,Organic/Direct,23-27
572,391,5,2,1099.0,2198.0,258,2026-03-10 23:13:00,COD,Delivered,NONE,0,0.0,0,6495.0,6495.0,0,Men's Polo,Blanc,Polo,1099,550.0,2026-01-28,Mumbai,Organic/Direct,23-27
573,392,4,1,1199.0,1199.0,331,2026-03-10 14:25:00,COD,Delivered,NONE,0,0.0,49,1199.0,1248.0,0,Acid Wash Tee,Noir,Tee,1199,576.0,2026-03-10,Ahmedabad,Influencer,35+
574,393,2,1,999.0,999.0,332,2026-03-10 18:52:00,COD,Delivered,WELCOME10,10,229.8,0,2298.0,2068.2,0,Oversized Tee - Blanc,Blanc,Tee,999,519.0,2026-03-10,Delhi,Organic/Direct,23-27
575,393,3,1,1299.0,1299.0,332,2026-03-10 18:52:00,COD,Delivered,WELCOME10,10,229.8,0,2298.0,2068.2,0,Terry Oversized Tee,Noir,Tee,1299,650.0,2026-03-10,Delhi,Organic/Direct,23-27
576,394,2,2,999.0,1998.0,333,2026-03-13 20:20:00,COD,RTO,WELCOME10,10,549.7,0,5497.0,4947.3,1,Oversized Tee - Blanc,Blanc,Tee,999,519.0,2026-03-13,Delhi,Referral,23-27
577,394,12,1,3499.0,3499.0,333,2026-03-13 20:20:00,COD,RTO,WELCOME10,10,549.7,0,5497.0,4947.3,1,Full Fit Combo,Noir,Combo,3499,1715.0,2026-03-13,Delhi,Referral,23-27
578,395,1,1,999.0,999.0,334,2026-03-13 16:02:00,COD,Delivered,REF10,10,99.9,49,999.0,948.1,0,Oversized Tee - Noir,Noir,Tee,999,519.0,2026-03-13,Kolkata,Influencer,18-22
579,396,10,1,2199.0,2199.0,335,2026-03-13 12:22:00,COD,Delivered,NONE,0,0.0,0,3398.0,3398.0,0,Noir Starter Combo,Noir,Combo,2199,1121.0,2026-03-13,Ahmedabad,Instagram Ads,28-34
580,396,4,1,1199.0,1199.0,335,2026-03-13 12:22:00,COD,Delivered,NONE,0,0.0,0,3398.0,3398.0,0,Acid Wash Tee,Noir,Tee,1199,576.0,2026-03-13,Ahmedabad,Instagram Ads,28-34
581,397,4,2,1199.0,2398.0,336,2026-03-14 08:15:00,COD,Delivered,NONE,0,0.0,0,3697.0,3697.0,0,Acid Wash Tee,Noir,Tee,1199,576.0,2026-03-14,Nagpur,Influencer,35+
582,397,3,1,1299.0,1299.0,336,2026-03-14 08:15:00,COD,Delivered,NONE,0,0.0,0,3697.0,3697.0,0,Terry Oversized Tee,Noir,Tee,1299,650.0,2026-03-14,Nagpur,Influencer,35+
583,398,4,2,1199.0,2398.0,337,2026-03-14 14:57:00,COD,Delivered,WELCOME10,10,239.8,0,2398.0,2158.2,0,Acid Wash Tee,Noir,Tee,1199,576.0,2026-03-14,Nagpur,Organic/Direct,18-22
584,399,10,1,2199.0,2199.0,338,2026-03-15 15:00:00,COD,Delivered,NONE,0,0.0,0,3398.0,3398.0,0,Noir Starter Combo,Noir,Combo,2199,1121.0,2026-03-15,Mumbai,Instagram Ads,18-22
585,399,4,1,1199.0,1199.0,338,2026-03-15 15:00:00,COD,Delivered,NONE,0,0.0,0,3398.0,3398.0,0,Acid Wash Tee,Noir,Tee,1199,576.0,2026-03-15,Mumbai,Instagram Ads,18-22
586,400,11,1,2299.0,2299.0,339,2026-03-15 13:27:00,COD,Delivered,LAUNCH15,15,824.55,0,5497.0,4672.45,0,Blanc Essentials Combo,Blanc,Combo,2299,1150.0,2026-03-15,Mumbai,Organic/Direct,28-34
587,400,10,1,2199.0,2199.0,339,2026-03-15 13:27:00,COD,Delivered,LAUNCH15,15,824.55,0,5497.0,4672.45,0,Noir Starter Combo,Noir,Combo,2199,1121.0,2026-03-15,Mumbai,Organic/Direct,28-34
588,400,1,1,999.0,999.0,339,2026-03-15 13:27:00,COD,Delivered,LAUNCH15,15,824.55,0,5497.0,4672.45,0,Oversized Tee - Noir,Noir,Tee,999,519.0,2026-03-15,Mumbai,Organic/Direct,28-34
589,401,7,1,1499.0,1499.0,340,2026-03-16 13:26:00,COD,Delivered,NONE,0,0.0,0,1499.0,1499.0,0,Sweatpants,Noir,Bottoms,1499,735.0,2026-03-16,Delhi,Organic/Direct,18-22
590,402,5,1,1099.0,1099.0,341,2026-03-16 14:18:00,Prepaid,Delivered,NONE,0,0.0,0,1099.0,1099.0,0,Men's Polo,Blanc,Polo,1099,550.0,2026-03-16,Nashik,Instagram Ads,23-27
591,403,3,1,1299.0,1299.0,342,2026-03-17 08:15:00,COD,RTO,NONE,0,0.0,0,3498.0,3498.0,1,Terry Oversized Tee,Noir,Tee,1299,650.0,2026-03-17,Mumbai,Google Ads,23-27
592,403,10,1,2199.0,2199.0,342,2026-03-17 08:15:00,COD,RTO,NONE,0,0.0,0,3498.0,3498.0,1,Noir Starter Combo,Noir,Combo,2199,1121.0,2026-03-17,Mumbai,Google Ads,23-27
593,404,3,1,1299.0,1299.0,343,2026-03-17 14:44:00,COD,Delivered,NONE,0,0.0,0,3598.0,3598.0,0,Terry Oversized Tee,Noir,Tee,1299,650.0,2026-03-17,Kolkata,Instagram Ads,18-22
594,404,11,1,2299.0,2299.0,343,2026-03-17 14:44:00,COD,Delivered,NONE,0,0.0,0,3598.0,3598.0,0,Blanc Essentials Combo,Blanc,Combo,2299,1150.0,2026-03-17,Kolkata,Instagram Ads,18-22
595,405,7,1,1499.0,1499.0,344,2026-03-17 09:59:00,COD,Delivered,WELCOME10,10,469.7,0,4697.0,4227.3,0,Sweatpants,Noir,Bottoms,1499,735.0,2026-03-17,Mumbai,Organic/Direct,18-22
596,405,10,1,2199.0,2199.0,344,2026-03-17 09:59:00,COD,Delivered,WELCOME10,10,469.7,0,4697.0,4227.3,0,Noir Starter Combo,Noir,Combo,2199,1121.0,2026-03-17,Mumbai,Organic/Direct,18-22
597,405,9,1,999.0,999.0,344,2026-03-17 09:59:00,COD,Delivered,WELCOME10,10,469.7,0,4697.0,4227.3,0,Terry Shorts,Blanc,Bottoms,999,500.0,2026-03-17,Mumbai,Organic/Direct,18-22
598,406,12,1,3499.0,3499.0,345,2026-03-18 19:39:00,COD,Delivered,NONE,0,0.0,0,6697.0,6697.0,0,Full Fit Combo,Noir,Combo,3499,1715.0,2026-03-18,Mumbai,Referral,18-22
599,406,1,1,999.0,999.0,345,2026-03-18 19:39:00,COD,Delivered,NONE,0,0.0,0,6697.0,6697.0,0,Oversized Tee - Noir,Noir,Tee,999,519.0,2026-03-18,Mumbai,Referral,18-22
600,406,10,1,2199.0,2199.0,345,2026-03-18 19:39:00,COD,Delivered,NONE,0,0.0,0,6697.0,6697.0,0,Noir Starter Combo,Noir,Combo,2199,1121.0,2026-03-18,Mumbai,Referral,18-22
601,407,1,1,999.0,999.0,346,2026-03-18 18:38:00,COD,Delivered,NONE,0,0.0,49,999.0,1048.0,0,Oversized Tee - Noir,Noir,Tee,999,519.0,2026-03-18,Nashik,Influencer,18-22
602,408,8,1,699.0,699.0,347,2026-03-18 14:07:00,COD,Delivered,NONE,0,0.0,0,1698.0,1698.0,0,Baseball Cap,Blanc,Accessory,699,384.0,2026-03-18,Delhi,Instagram Ads,35+
603,408,9,1,999.0,999.0,347,2026-03-18 14:07:00,COD,Delivered,NONE,0,0.0,0,1698.0,1698.0,0,Terry Shorts,Blanc,Bottoms,999,500.0,2026-03-18,Delhi,Instagram Ads,35+
604,409,8,1,699.0,699.0,348,2026-03-19 13:50:00,COD,Delivered,NONE,0,0.0,49,699.0,748.0,0,Baseball Cap,Blanc,Accessory,699,384.0,2026-03-19,Nagpur,Organic/Direct,28-34
605,410,1,1,999.0,999.0,349,2026-03-20 08:32:00,Prepaid,Delivered,NONE,0,0.0,0,3198.0,3198.0,0,Oversized Tee - Noir,Noir,Tee,999,519.0,2026-03-20,Mumbai,Organic/Direct,18-22
606,410,10,1,2199.0,2199.0,349,2026-03-20 08:32:00,Prepaid,Delivered,NONE,0,0.0,0,3198.0,3198.0,0,Noir Starter Combo,Noir,Combo,2199,1121.0,2026-03-20,Mumbai,Organic/Direct,18-22
607,411,4,2,1199.0,2398.0,154,2026-03-20 11:31:00,COD,Delivered,NONE,0,0.0,0,2398.0,2398.0,0,Acid Wash Tee,Noir,Tee,1199,576.0,2025-12-15,Lucknow,Instagram Ads,23-27
608,412,12,1,3499.0,3499.0,159,2026-03-20 13:53:00,COD,Delivered,FESTIVE20,20,1179.4,0,5897.0,4717.6,0,Full Fit Combo,Noir,Combo,3499,1715.0,2025-12-18,Nagpur,Instagram Ads,23-27
609,412,5,1,1099.0,1099.0,159,2026-03-20 13:53:00,COD,Delivered,FESTIVE20,20,1179.4,0,5897.0,4717.6,0,Men's Polo,Blanc,Polo,1099,550.0,2025-12-18,Nagpur,Instagram Ads,23-27
610,412,3,1,1299.0,1299.0,159,2026-03-20 13:53:00,COD,Delivered,FESTIVE20,20,1179.4,0,5897.0,4717.6,0,Terry Oversized Tee,Noir,Tee,1299,650.0,2025-12-18,Nagpur,Instagram Ads,23-27
611,413,1,1,999.0,999.0,350,2026-03-23 22:46:00,COD,Delivered,LAUNCH15,15,149.85,49,999.0,898.15,0,Oversized Tee - Noir,Noir,Tee,999,519.0,2026-03-23,Mumbai,Organic/Direct,18-22
612,414,12,1,3499.0,3499.0,351,2026-03-23 19:34:00,COD,Delivered,NONE,0,0.0,0,3499.0,3499.0,0,Full Fit Combo,Noir,Combo,3499,1715.0,2026-03-23,Indore,Instagram Ads,23-27
613,415,6,1,1599.0,1599.0,46,2026-03-25 12:45:00,COD,RTO,NONE,0,0.0,0,1599.0,1599.0,1,Oversized Shirt,Noir,Shirt,1599,752.0,2025-10-17,Pune,Referral,28-34
614,416,2,2,999.0,1998.0,352,2026-03-26 12:27:00,COD,Delivered,NONE,0,0.0,0,6496.0,6496.0,0,Oversized Tee - Blanc,Blanc,Tee,999,519.0,2026-03-26,Nashik,Organic/Direct,23-27
615,416,1,1,999.0,999.0,352,2026-03-26 12:27:00,COD,Delivered,NONE,0,0.0,0,6496.0,6496.0,0,Oversized Tee - Noir,Noir,Tee,999,519.0,2026-03-26,Nashik,Organic/Direct,23-27
616,416,12,1,3499.0,3499.0,352,2026-03-26 12:27:00,COD,Delivered,NONE,0,0.0,0,6496.0,6496.0,0,Full Fit Combo,Noir,Combo,3499,1715.0,2026-03-26,Nashik,Organic/Direct,23-27
617,417,12,1,3499.0,3499.0,353,2026-03-26 11:18:00,COD,Delivered,REF10,10,349.9,0,3499.0,3149.1,0,Full Fit Combo,Noir,Combo,3499,1715.0,2026-03-26,Indore,Instagram Ads,35+
618,418,8,1,699.0,699.0,217,2026-03-26 12:05:00,COD,Delivered,FESTIVE20,20,139.8,49,699.0,608.2,0,Baseball Cap,Blanc,Accessory,699,384.0,2026-01-05,Nagpur,Google Ads,23-27
619,419,8,1,699.0,699.0,292,2026-03-27 09:02:00,COD,RTO,LAUNCH15,15,104.85,49,699.0,643.15,1,Baseball Cap,Blanc,Accessory,699,384.0,2026-02-14,Mumbai,Organic/Direct,35+
620,420,12,1,3499.0,3499.0,354,2026-03-28 18:06:00,COD,RTO,NONE,0,0.0,0,4198.0,4198.0,1,Full Fit Combo,Noir,Combo,3499,1715.0,2026-03-28,Nashik,Organic/Direct,28-34
621,420,8,1,699.0,699.0,354,2026-03-28 18:06:00,COD,RTO,NONE,0,0.0,0,4198.0,4198.0,1,Baseball Cap,Blanc,Accessory,699,384.0,2026-03-28,Nashik,Organic/Direct,28-34
622,421,5,2,1099.0,2198.0,355,2026-03-28 13:52:00,COD,Delivered,WELCOME10,10,219.8,0,2198.0,1978.2,0,Men's Polo,Blanc,Polo,1099,550.0,2026-03-28,Nashik,Influencer,23-27
623,422,5,1,1099.0,1099.0,356,2026-03-29 23:53:00,COD,Delivered,NONE,0,0.0,49,1099.0,1148.0,0,Men's Polo,Blanc,Polo,1099,550.0,2026-03-29,Nagpur,Instagram Ads,18-22
624,423,1,1,999.0,999.0,357,2026-03-29 14:40:00,Prepaid,Delivered,NONE,0,0.0,0,999.0,999.0,0,Oversized Tee - Noir,Noir,Tee,999,519.0,2026-03-29,Kolkata,Google Ads,18-22
625,424,1,1,999.0,999.0,358,2026-03-29 12:48:00,COD,Delivered,WELCOME10,10,99.9,49,999.0,948.1,0,Oversized Tee - Noir,Noir,Tee,999,519.0,2026-03-29,Nagpur,Organic/Direct,23-27
626,425,1,1,999.0,999.0,359,2026-03-30 16:43:00,COD,Delivered,REF10,10,99.9,49,999.0,948.1,0,Oversized Tee - Noir,Noir,Tee,999,519.0,2026-03-30,Nagpur,Instagram Ads,35+
627,426,9,1,999.0,999.0,360,2026-03-30 11:07:00,Prepaid,Delivered,NONE,0,0.0,0,999.0,999.0,0,Terry Shorts,Blanc,Bottoms,999,500.0,2026-03-30,Mumbai,Instagram Ads,23-27
628,427,10,1,2199.0,2199.0,361,2026-03-30 16:01:00,COD,Delivered,NONE,0,0.0,0,4197.0,4197.0,0,Noir Starter Combo,Noir,Combo,2199,1121.0,2026-03-30,Mumbai,Instagram Ads,23-27
629,427,9,2,999.0,1998.0,361,2026-03-30 16:01:00,COD,Delivered,NONE,0,0.0,0,4197.0,4197.0,0,Terry Shorts,Blanc,Bottoms,999,500.0,2026-03-30,Mumbai,Instagram Ads,23-27
630,428,2,1,999.0,999.0,362,2026-03-31 10:56:00,COD,Delivered,NONE,0,0.0,0,2697.0,2697.0,0,Oversized Tee - Blanc,Blanc,Tee,999,519.0,2026-03-31,Mumbai,Influencer,18-22
631,428,9,1,999.0,999.0,362,2026-03-31 10:56:00,COD,Delivered,NONE,0,0.0,0,2697.0,2697.0,0,Terry Shorts,Blanc,Bottoms,999,500.0,2026-03-31,Mumbai,Influencer,18-22
632,428,8,1,699.0,699.0,362,2026-03-31 10:56:00,COD,Delivered,NONE,0,0.0,0,2697.0,2697.0,0,Baseball Cap,Blanc,Accessory,699,384.0,2026-03-31,Mumbai,Influencer,18-22
633,429,2,1,999.0,999.0,363,2026-03-31 17:49:00,COD,Delivered,WELCOME10,10,319.8,0,3198.0,2878.2,0,Oversized Tee - Blanc,Blanc,Tee,999,519.0,2026-03-31,Delhi,Influencer,18-22
634,429,10,1,2199.0,2199.0,363,2026-03-31 17:49:00,COD,Delivered,WELCOME10,10,319.8,0,3198.0,2878.2,0,Noir Starter Combo,Noir,Combo,2199,1121.0,2026-03-31,Delhi,Influencer,18-22
635,430,9,1,999.0,999.0,364,2026-03-31 09:54:00,COD,Delivered,LAUNCH15,15,719.4,0,4796.0,4076.6,0,Terry Shorts,Blanc,Bottoms,999,500.0,2026-03-31,Mumbai,Google Ads,23-27
636,430,6,1,1599.0,1599.0,364,2026-03-31 09:54:00,COD,Delivered,LAUNCH15,15,719.4,0,4796.0,4076.6,0,Oversized Shirt,Noir,Shirt,1599,752.0,2026-03-31,Mumbai,Google Ads,23-27
637,430,5,2,1099.0,2198.0,364,2026-03-31 09:54:00,COD,Delivered,LAUNCH15,15,719.4,0,4796.0,4076.6,0,Men's Polo,Blanc,Polo,1099,550.0,2026-03-31,Mumbai,Google Ads,23-27
638,431,8,2,699.0,1398.0,365,2026-04-02 10:59:00,COD,Delivered,REF10,10,289.7,0,2897.0,2607.3,0,Baseball Cap,Blanc,Accessory,699,384.0,2026-04-02,Ahmedabad,Influencer,18-22
639,431,7,1,1499.0,1499.0,365,2026-04-02 10:59:00,COD,Delivered,REF10,10,289.7,0,2897.0,2607.3,0,Sweatpants,Noir,Bottoms,1499,735.0,2026-04-02,Ahmedabad,Influencer,18-22
640,432,1,2,999.0,1998.0,366,2026-04-02 11:57:00,COD,Delivered,NONE,0,0.0,0,1998.0,1998.0,0,Oversized Tee - Noir,Noir,Tee,999,519.0,2026-04-02,Jaipur,Organic/Direct,18-22
641,433,1,2,999.0,1998.0,367,2026-04-03 14:31:00,COD,RTO,LAUNCH15,15,404.55,0,2697.0,2292.45,1,Oversized Tee - Noir,Noir,Tee,999,519.0,2026-04-03,Mumbai,Instagram Ads,23-27
642,433,8,1,699.0,699.0,367,2026-04-03 14:31:00,COD,RTO,LAUNCH15,15,404.55,0,2697.0,2292.45,1,Baseball Cap,Blanc,Accessory,699,384.0,2026-04-03,Mumbai,Instagram Ads,23-27
643,434,10,1,2199.0,2199.0,28,2026-04-03 15:32:00,COD,Delivered,REF10,10,219.9,0,2199.0,1979.1,0,Noir Starter Combo,Noir,Combo,2199,1121.0,2025-10-08,Nashik,Instagram Ads,23-27
644,435,4,2,1199.0,2398.0,368,2026-04-03 15:15:00,COD,Delivered,NONE,0,0.0,0,2398.0,2398.0,0,Acid Wash Tee,Noir,Tee,1199,576.0,2026-04-03,Nagpur,Referral,18-22
645,436,10,1,2199.0,2199.0,369,2026-04-04 23:12:00,COD,Delivered,NONE,0,0.0,0,2898.0,2898.0,0,Noir Starter Combo,Noir,Combo,2199,1121.0,2026-04-04,Nagpur,Instagram Ads,23-27
646,436,8,1,699.0,699.0,369,2026-04-04 23:12:00,COD,Delivered,NONE,0,0.0,0,2898.0,2898.0,0,Baseball Cap,Blanc,Accessory,699,384.0,2026-04-04,Nagpur,Instagram Ads,23-27
647,437,1,1,999.0,999.0,370,2026-04-04 18:49:00,COD,Delivered,FESTIVE20,20,199.8,49,999.0,848.2,0,Oversized Tee - Noir,Noir,Tee,999,519.0,2026-04-04,Lucknow,Influencer,28-34
648,438,4,2,1199.0,2398.0,371,2026-04-04 12:51:00,Prepaid,Delivered,NONE,0,0.0,0,2398.0,2398.0,0,Acid Wash Tee,Noir,Tee,1199,576.0,2026-04-04,Delhi,Influencer,28-34
649,439,7,2,1499.0,2998.0,254,2026-04-05 16:05:00,COD,Delivered,LAUNCH15,15,449.7,0,2998.0,2548.3,0,Sweatpants,Noir,Bottoms,1499,735.0,2026-01-23,Nagpur,Google Ads,18-22
650,440,2,1,999.0,999.0,372,2026-04-06 17:45:00,COD,Delivered,FESTIVE20,20,199.8,49,999.0,848.2,0,Oversized Tee - Blanc,Blanc,Tee,999,519.0,2026-04-06,Mumbai,Google Ads,28-34
651,441,7,1,1499.0,1499.0,289,2026-04-07 16:24:00,COD,Delivered,NONE,0,0.0,0,4897.0,4897.0,0,Sweatpants,Noir,Bottoms,1499,735.0,2026-02-12,Ahmedabad,Instagram Ads,28-34
652,441,4,1,1199.0,1199.0,289,2026-04-07 16:24:00,COD,Delivered,NONE,0,0.0,0,4897.0,4897.0,0,Acid Wash Tee,Noir,Tee,1199,576.0,2026-02-12,Ahmedabad,Instagram Ads,28-34
653,441,10,1,2199.0,2199.0,289,2026-04-07 16:24:00,COD,Delivered,NONE,0,0.0,0,4897.0,4897.0,0,Noir Starter Combo,Noir,Combo,2199,1121.0,2026-02-12,Ahmedabad,Instagram Ads,28-34
654,442,10,1,2199.0,2199.0,373,2026-04-08 16:52:00,COD,Delivered,REF10,10,449.7,0,4497.0,4047.3,0,Noir Starter Combo,Noir,Combo,2199,1121.0,2026-04-08,Delhi,Organic/Direct,18-22
655,442,1,1,999.0,999.0,373,2026-04-08 16:52:00,COD,Delivered,REF10,10,449.7,0,4497.0,4047.3,0,Oversized Tee - Noir,Noir,Tee,999,519.0,2026-04-08,Delhi,Organic/Direct,18-22
656,442,3,1,1299.0,1299.0,373,2026-04-08 16:52:00,COD,Delivered,REF10,10,449.7,0,4497.0,4047.3,0,Terry Oversized Tee,Noir,Tee,1299,650.0,2026-04-08,Delhi,Organic/Direct,18-22
657,443,9,1,999.0,999.0,374,2026-04-08 20:20:00,COD,Returned,LAUNCH15,15,149.85,49,999.0,898.15,0,Terry Shorts,Blanc,Bottoms,999,500.0,2026-04-08,Nagpur,Instagram Ads,23-27
658,444,9,1,999.0,999.0,375,2026-04-08 13:54:00,COD,RTO,NONE,0,0.0,49,999.0,1048.0,1,Terry Shorts,Blanc,Bottoms,999,500.0,2026-04-08,Nagpur,Organic/Direct,18-22
659,445,12,1,3499.0,3499.0,273,2026-04-09 18:03:00,COD,Returned,REF10,10,699.7,0,6997.0,6297.3,0,Full Fit Combo,Noir,Combo,3499,1715.0,2026-02-02,Pune,Instagram Ads,23-27
660,445,4,1,1199.0,1199.0,273,2026-04-09 18:03:00,COD,Returned,REF10,10,699.7,0,6997.0,6297.3,0,Acid Wash Tee,Noir,Tee,1199,576.0,2026-02-02,Pune,Instagram Ads,23-27
661,445,11,1,2299.0,2299.0,273,2026-04-09 18:03:00,COD,Returned,REF10,10,699.7,0,6997.0,6297.3,0,Blanc Essentials Combo,Blanc,Combo,2299,1150.0,2026-02-02,Pune,Instagram Ads,23-27
662,446,9,1,999.0,999.0,355,2026-04-09 10:35:00,COD,Delivered,NONE,0,0.0,49,999.0,1048.0,0,Terry Shorts,Blanc,Bottoms,999,500.0,2026-03-28,Nashik,Influencer,23-27
663,447,1,1,999.0,999.0,376,2026-04-10 16:05:00,COD,Delivered,NONE,0,0.0,0,3198.0,3198.0,0,Oversized Tee - Noir,Noir,Tee,999,519.0,2026-04-10,Nagpur,Google Ads,18-22
664,447,10,1,2199.0,2199.0,376,2026-04-10 16:05:00,COD,Delivered,NONE,0,0.0,0,3198.0,3198.0,0,Noir Starter Combo,Noir,Combo,2199,1121.0,2026-04-10,Nagpur,Google Ads,18-22
665,448,1,1,999.0,999.0,202,2026-04-10 13:11:00,COD,Delivered,NONE,0,0.0,49,999.0,1048.0,0,Oversized Tee - Noir,Noir,Tee,999,519.0,2025-12-31,Ahmedabad,Google Ads,23-27
666,449,11,1,2299.0,2299.0,21,2026-04-11 17:03:00,COD,Delivered,NONE,0,0.0,0,2299.0,2299.0,0,Blanc Essentials Combo,Blanc,Combo,2299,1150.0,2025-09-26,Ahmedabad,Instagram Ads,18-22
667,450,6,1,1599.0,1599.0,377,2026-04-11 16:19:00,COD,Delivered,WELCOME10,10,309.8,0,3098.0,2788.2,0,Oversized Shirt,Noir,Shirt,1599,752.0,2026-04-11,Nagpur,Influencer,23-27
668,450,7,1,1499.0,1499.0,377,2026-04-11 16:19:00,COD,Delivered,WELCOME10,10,309.8,0,3098.0,2788.2,0,Sweatpants,Noir,Bottoms,1499,735.0,2026-04-11,Nagpur,Influencer,23-27
669,451,1,1,999.0,999.0,378,2026-04-11 18:46:00,Prepaid,Delivered,NONE,0,0.0,0,999.0,999.0,0,Oversized Tee - Noir,Noir,Tee,999,519.0,2026-04-11,Nagpur,Instagram Ads,35+
670,452,11,1,2299.0,2299.0,379,2026-04-11 20:15:00,COD,RTO,REF10,10,229.9,0,2299.0,2069.1,1,Blanc Essentials Combo,Blanc,Combo,2299,1150.0,2026-04-11,Ahmedabad,Instagram Ads,18-22
671,453,2,1,999.0,999.0,380,2026-04-11 23:00:00,COD,Delivered,NONE,0,0.0,0,4498.0,4498.0,0,Oversized Tee - Blanc,Blanc,Tee,999,519.0,2026-04-11,Nashik,Influencer,18-22
672,453,12,1,3499.0,3499.0,380,2026-04-11 23:00:00,COD,Delivered,NONE,0,0.0,0,4498.0,4498.0,0,Full Fit Combo,Noir,Combo,3499,1715.0,2026-04-11,Nashik,Influencer,18-22
673,454,10,2,2199.0,4398.0,381,2026-04-11 18:22:00,COD,RTO,LAUNCH15,15,1064.4,0,7096.0,6031.6,1,Noir Starter Combo,Noir,Combo,2199,1121.0,2026-04-11,Pune,Influencer,28-34
674,454,4,1,1199.0,1199.0,381,2026-04-11 18:22:00,COD,RTO,LAUNCH15,15,1064.4,0,7096.0,6031.6,1,Acid Wash Tee,Noir,Tee,1199,576.0,2026-04-11,Pune,Influencer,28-34
675,454,7,1,1499.0,1499.0,381,2026-04-11 18:22:00,COD,RTO,LAUNCH15,15,1064.4,0,7096.0,6031.6,1,Sweatpants,Noir,Bottoms,1499,735.0,2026-04-11,Pune,Influencer,28-34
676,455,6,1,1599.0,1599.0,382,2026-04-12 18:17:00,COD,Delivered,LAUNCH15,15,419.7,0,2798.0,2378.3,0,Oversized Shirt,Noir,Shirt,1599,752.0,2026-04-12,Hyderabad,Organic/Direct,28-34
677,455,4,1,1199.0,1199.0,382,2026-04-12 18:17:00,COD,Delivered,LAUNCH15,15,419.7,0,2798.0,2378.3,0,Acid Wash Tee,Noir,Tee,1199,576.0,2026-04-12,Hyderabad,Organic/Direct,28-34
678,456,5,1,1099.0,1099.0,383,2026-04-12 15:54:00,COD,Delivered,NONE,0,0.0,0,2698.0,2698.0,0,Men's Polo,Blanc,Polo,1099,550.0,2026-04-12,Nagpur,Influencer,18-22
679,456,6,1,1599.0,1599.0,383,2026-04-12 15:54:00,COD,Delivered,NONE,0,0.0,0,2698.0,2698.0,0,Oversized Shirt,Noir,Shirt,1599,752.0,2026-04-12,Nagpur,Influencer,18-22
680,457,11,1,2299.0,2299.0,262,2026-04-12 23:39:00,Prepaid,Delivered,NONE,0,0.0,0,2299.0,2299.0,0,Blanc Essentials Combo,Blanc,Combo,2299,1150.0,2026-01-29,Indore,Influencer,23-27
681,458,2,2,999.0,1998.0,384,2026-04-13 19:57:00,COD,Delivered,NONE,0,0.0,0,3497.0,3497.0,0,Oversized Tee - Blanc,Blanc,Tee,999,519.0,2026-04-13,Pune,Google Ads,18-22
682,458,7,1,1499.0,1499.0,384,2026-04-13 19:57:00,COD,Delivered,NONE,0,0.0,0,3497.0,3497.0,0,Sweatpants,Noir,Bottoms,1499,735.0,2026-04-13,Pune,Google Ads,18-22
683,459,1,1,999.0,999.0,385,2026-04-13 19:26:00,COD,Delivered,NONE,0,0.0,49,999.0,1048.0,0,Oversized Tee - Noir,Noir,Tee,999,519.0,2026-04-13,Nagpur,Influencer,35+
684,460,4,1,1199.0,1199.0,386,2026-04-13 12:16:00,COD,Delivered,NONE,0,0.0,0,2798.0,2798.0,0,Acid Wash Tee,Noir,Tee,1199,576.0,2026-04-13,Jaipur,Influencer,23-27
685,460,6,1,1599.0,1599.0,386,2026-04-13 12:16:00,COD,Delivered,NONE,0,0.0,0,2798.0,2798.0,0,Oversized Shirt,Noir,Shirt,1599,752.0,2026-04-13,Jaipur,Influencer,23-27
686,461,4,1,1199.0,1199.0,387,2026-04-13 11:03:00,Prepaid,Delivered,NONE,0,0.0,0,1199.0,1199.0,0,Acid Wash Tee,Noir,Tee,1199,576.0,2026-04-13,Ahmedabad,Organic/Direct,23-27
687,462,1,1,999.0,999.0,11,2026-04-14 08:45:00,COD,Returned,NONE,0,0.0,49,999.0,1048.0,0,Oversized Tee - Noir,Noir,Tee,999,519.0,2025-09-12,Mumbai,Organic/Direct,28-34
688,463,4,1,1199.0,1199.0,388,2026-04-16 16:26:00,COD,Delivered,NONE,0,0.0,0,3197.0,3197.0,0,Acid Wash Tee,Noir,Tee,1199,576.0,2026-04-16,Hyderabad,Instagram Ads,23-27
689,463,9,2,999.0,1998.0,388,2026-04-16 16:26:00,COD,Delivered,NONE,0,0.0,0,3197.0,3197.0,0,Terry Shorts,Blanc,Bottoms,999,500.0,2026-04-16,Hyderabad,Instagram Ads,23-27
690,464,8,1,699.0,699.0,389,2026-04-16 12:48:00,COD,Delivered,NONE,0,0.0,49,699.0,748.0,0,Baseball Cap,Blanc,Accessory,699,384.0,2026-04-16,Kolkata,Referral,18-22
691,465,6,1,1599.0,1599.0,390,2026-04-16 17:38:00,COD,RTO,NONE,0,0.0,0,3597.0,3597.0,1,Oversized Shirt,Noir,Shirt,1599,752.0,2026-04-16,Delhi,Instagram Ads,28-34
692,465,9,2,999.0,1998.0,390,2026-04-16 17:38:00,COD,RTO,NONE,0,0.0,0,3597.0,3597.0,1,Terry Shorts,Blanc,Bottoms,999,500.0,2026-04-16,Delhi,Instagram Ads,28-34
693,466,9,1,999.0,999.0,391,2026-04-16 11:33:00,COD,Delivered,NONE,0,0.0,0,1698.0,1698.0,0,Terry Shorts,Blanc,Bottoms,999,500.0,2026-04-16,Jaipur,Influencer,35+
694,466,8,1,699.0,699.0,391,2026-04-16 11:33:00,COD,Delivered,NONE,0,0.0,0,1698.0,1698.0,0,Baseball Cap,Blanc,Accessory,699,384.0,2026-04-16,Jaipur,Influencer,35+
695,467,8,1,699.0,699.0,392,2026-04-17 12:11:00,COD,Delivered,NONE,0,0.0,0,3297.0,3297.0,0,Baseball Cap,Blanc,Accessory,699,384.0,2026-04-17,Delhi,Referral,23-27
696,467,6,1,1599.0,1599.0,392,2026-04-17 12:11:00,COD,Delivered,NONE,0,0.0,0,3297.0,3297.0,0,Oversized Shirt,Noir,Shirt,1599,752.0,2026-04-17,Delhi,Referral,23-27
697,467,1,1,999.0,999.0,392,2026-04-17 12:11:00,COD,Delivered,NONE,0,0.0,0,3297.0,3297.0,0,Oversized Tee - Noir,Noir,Tee,999,519.0,2026-04-17,Delhi,Referral,23-27
698,468,12,1,3499.0,3499.0,176,2026-04-18 12:03:00,COD,Delivered,NONE,0,0.0,0,3499.0,3499.0,0,Full Fit Combo,Noir,Combo,3499,1715.0,2025-12-22,Nagpur,Instagram Ads,18-22
699,469,12,1,3499.0,3499.0,393,2026-04-19 21:06:00,COD,Returned,NONE,0,0.0,0,5798.0,5798.0,0,Full Fit Combo,Noir,Combo,3499,1715.0,2026-04-19,Delhi,Instagram Ads,35+
700,469,11,1,2299.0,2299.0,393,2026-04-19 21:06:00,COD,Returned,NONE,0,0.0,0,5798.0,5798.0,0,Blanc Essentials Combo,Blanc,Combo,2299,1150.0,2026-04-19,Delhi,Instagram Ads,35+
701,470,2,2,999.0,1998.0,46,2026-04-19 23:37:00,COD,Returned,NONE,0,0.0,0,1998.0,1998.0,0,Oversized Tee - Blanc,Blanc,Tee,999,519.0,2025-10-17,Pune,Referral,28-34
702,471,1,1,999.0,999.0,394,2026-04-21 17:58:00,Prepaid,RTO,NONE,0,0.0,0,999.0,999.0,1,Oversized Tee - Noir,Noir,Tee,999,519.0,2026-04-21,Mumbai,Organic/Direct,18-22
703,472,12,1,3499.0,3499.0,395,2026-04-21 10:13:00,COD,Delivered,NONE,0,0.0,0,3499.0,3499.0,0,Full Fit Combo,Noir,Combo,3499,1715.0,2026-04-21,Indore,Referral,23-27
704,473,9,1,999.0,999.0,396,2026-04-22 14:50:00,COD,Delivered,NONE,0,0.0,0,1698.0,1698.0,0,Terry Shorts,Blanc,Bottoms,999,500.0,2026-04-22,Lucknow,Influencer,23-27
705,473,8,1,699.0,699.0,396,2026-04-22 14:50:00,COD,Delivered,NONE,0,0.0,0,1698.0,1698.0,0,Baseball Cap,Blanc,Accessory,699,384.0,2026-04-22,Lucknow,Influencer,23-27
706,474,12,1,3499.0,3499.0,369,2026-04-22 08:22:00,COD,Delivered,NONE,0,0.0,0,3499.0,3499.0,0,Full Fit Combo,Noir,Combo,3499,1715.0,2026-04-04,Nagpur,Instagram Ads,23-27
707,475,10,1,2199.0,2199.0,127,2026-04-22 17:12:00,COD,Delivered,NONE,0,0.0,0,3897.0,3897.0,0,Noir Starter Combo,Noir,Combo,2199,1121.0,2025-11-27,Nashik,Organic/Direct,18-22
708,475,1,1,999.0,999.0,127,2026-04-22 17:12:00,COD,Delivered,NONE,0,0.0,0,3897.0,3897.0,0,Oversized Tee - Noir,Noir,Tee,999,519.0,2025-11-27,Nashik,Organic/Direct,18-22
709,475,8,1,699.0,699.0,127,2026-04-22 17:12:00,COD,Delivered,NONE,0,0.0,0,3897.0,3897.0,0,Baseball Cap,Blanc,Accessory,699,384.0,2025-11-27,Nashik,Organic/Direct,18-22
710,476,2,1,999.0,999.0,397,2026-04-22 14:47:00,COD,Delivered,WELCOME10,10,99.9,49,999.0,948.1,0,Oversized Tee - Blanc,Blanc,Tee,999,519.0,2026-04-22,Nagpur,Instagram Ads,28-34
711,477,4,2,1199.0,2398.0,77,2026-04-23 13:19:00,COD,Delivered,NONE,0,0.0,0,2398.0,2398.0,0,Acid Wash Tee,Noir,Tee,1199,576.0,2025-11-02,Mumbai,Referral,23-27
712,478,2,1,999.0,999.0,103,2026-04-23 13:58:00,COD,Delivered,LAUNCH15,15,149.85,49,999.0,898.15,0,Oversized Tee - Blanc,Blanc,Tee,999,519.0,2025-11-13,Delhi,Referral,18-22
713,479,6,1,1599.0,1599.0,398,2026-04-23 11:03:00,COD,RTO,NONE,0,0.0,0,1599.0,1599.0,1,Oversized Shirt,Noir,Shirt,1599,752.0,2026-04-23,Delhi,Instagram Ads,23-27
714,480,1,1,999.0,999.0,399,2026-04-23 20:32:00,COD,Delivered,REF10,10,169.8,0,1698.0,1528.2,0,Oversized Tee - Noir,Noir,Tee,999,519.0,2026-04-23,Kolkata,Instagram Ads,18-22
715,480,8,1,699.0,699.0,399,2026-04-23 20:32:00,COD,Delivered,REF10,10,169.8,0,1698.0,1528.2,0,Baseball Cap,Blanc,Accessory,699,384.0,2026-04-23,Kolkata,Instagram Ads,18-22
716,481,6,2,1599.0,3198.0,400,2026-04-24 20:17:00,COD,RTO,NONE,0,0.0,0,6196.0,6196.0,1,Oversized Shirt,Noir,Shirt,1599,752.0,2026-04-24,Nagpur,Organic/Direct,35+
717,481,8,1,699.0,699.0,400,2026-04-24 20:17:00,COD,RTO,NONE,0,0.0,0,6196.0,6196.0,1,Baseball Cap,Blanc,Accessory,699,384.0,2026-04-24,Nagpur,Organic/Direct,35+
718,481,11,1,2299.0,2299.0,400,2026-04-24 20:17:00,COD,RTO,NONE,0,0.0,0,6196.0,6196.0,1,Blanc Essentials Combo,Blanc,Combo,2299,1150.0,2026-04-24,Nagpur,Organic/Direct,35+
719,482,1,1,999.0,999.0,401,2026-04-24 11:12:00,COD,Delivered,NONE,0,0.0,0,6596.0,6596.0,0,Oversized Tee - Noir,Noir,Tee,999,519.0,2026-04-24,Pune,Instagram Ads,23-27
720,482,9,1,999.0,999.0,401,2026-04-24 11:12:00,COD,Delivered,NONE,0,0.0,0,6596.0,6596.0,0,Terry Shorts,Blanc,Bottoms,999,500.0,2026-04-24,Pune,Instagram Ads,23-27
721,482,11,2,2299.0,4598.0,401,2026-04-24 11:12:00,COD,Delivered,NONE,0,0.0,0,6596.0,6596.0,0,Blanc Essentials Combo,Blanc,Combo,2299,1150.0,2026-04-24,Pune,Instagram Ads,23-27
722,483,2,1,999.0,999.0,402,2026-04-24 12:30:00,COD,Delivered,FESTIVE20,20,399.6,0,1998.0,1598.4,0,Oversized Tee - Blanc,Blanc,Tee,999,519.0,2026-04-24,Delhi,Instagram Ads,28-34
723,483,1,1,999.0,999.0,402,2026-04-24 12:30:00,COD,Delivered,FESTIVE20,20,399.6,0,1998.0,1598.4,0,Oversized Tee - Noir,Noir,Tee,999,519.0,2026-04-24,Delhi,Instagram Ads,28-34
724,484,4,1,1199.0,1199.0,403,2026-04-24 10:26:00,COD,Delivered,REF10,10,119.9,49,1199.0,1128.1,0,Acid Wash Tee,Noir,Tee,1199,576.0,2026-04-24,Nagpur,Influencer,23-27
725,485,4,1,1199.0,1199.0,404,2026-04-25 17:41:00,Prepaid,Delivered,NONE,0,0.0,0,1199.0,1199.0,0,Acid Wash Tee,Noir,Tee,1199,576.0,2026-04-25,Bengaluru,Referral,35+
726,486,10,2,2199.0,4398.0,203,2026-04-26 09:10:00,COD,Delivered,NONE,0,0.0,0,5397.0,5397.0,0,Noir Starter Combo,Noir,Combo,2199,1121.0,2025-12-31,Nagpur,Influencer,28-34
727,486,1,1,999.0,999.0,203,2026-04-26 09:10:00,COD,Delivered,NONE,0,0.0,0,5397.0,5397.0,0,Oversized Tee - Noir,Noir,Tee,999,519.0,2025-12-31,Nagpur,Influencer,28-34
728,487,4,1,1199.0,1199.0,43,2026-04-26 20:18:00,COD,Delivered,FESTIVE20,20,239.8,49,1199.0,1008.2,0,Acid Wash Tee,Noir,Tee,1199,576.0,2025-10-16,Nagpur,Organic/Direct,23-27
729,488,11,1,2299.0,2299.0,396,2026-04-28 13:36:00,COD,RTO,WELCOME10,10,329.8,0,3298.0,2968.2,1,Blanc Essentials Combo,Blanc,Combo,2299,1150.0,2026-04-22,Lucknow,Influencer,23-27
730,488,1,1,999.0,999.0,396,2026-04-28 13:36:00,COD,RTO,WELCOME10,10,329.8,0,3298.0,2968.2,1,Oversized Tee - Noir,Noir,Tee,999,519.0,2026-04-22,Lucknow,Influencer,23-27
731,489,1,1,999.0,999.0,405,2026-04-28 17:48:00,COD,Delivered,WELCOME10,10,219.8,0,2198.0,1978.2,0,Oversized Tee - Noir,Noir,Tee,999,519.0,2026-04-28,Indore,Instagram Ads,18-22
732,489,4,1,1199.0,1199.0,405,2026-04-28 17:48:00,COD,Delivered,WELCOME10,10,219.8,0,2198.0,1978.2,0,Acid Wash Tee,Noir,Tee,1199,576.0,2026-04-28,Indore,Instagram Ads,18-22
733,490,4,1,1199.0,1199.0,406,2026-04-28 10:55:00,COD,Delivered,NONE,0,0.0,0,2498.0,2498.0,0,Acid Wash Tee,Noir,Tee,1199,576.0,2026-04-28,Jaipur,Organic/Direct,23-27
734,490,3,1,1299.0,1299.0,406,2026-04-28 10:55:00,COD,Delivered,NONE,0,0.0,0,2498.0,2498.0,0,Terry Oversized Tee,Noir,Tee,1299,650.0,2026-04-28,Jaipur,Organic/Direct,23-27
735,491,4,1,1199.0,1199.0,407,2026-04-28 18:04:00,COD,Delivered,NONE,0,0.0,0,2198.0,2198.0,0,Acid Wash Tee,Noir,Tee,1199,576.0,2026-04-28,Hyderabad,Referral,18-22
736,491,1,1,999.0,999.0,407,2026-04-28 18:04:00,COD,Delivered,NONE,0,0.0,0,2198.0,2198.0,0,Oversized Tee - Noir,Noir,Tee,999,519.0,2026-04-28,Hyderabad,Referral,18-22
737,492,5,2,1099.0,2198.0,408,2026-04-29 12:09:00,COD,RTO,NONE,0,0.0,0,3197.0,3197.0,1,Men's Polo,Blanc,Polo,1099,550.0,2026-04-29,Pune,Organic/Direct,18-22
738,492,2,1,999.0,999.0,408,2026-04-29 12:09:00,COD,RTO,NONE,0,0.0,0,3197.0,3197.0,1,Oversized Tee - Blanc,Blanc,Tee,999,519.0,2026-04-29,Pune,Organic/Direct,18-22
739,493,10,2,2199.0,4398.0,409,2026-04-29 12:31:00,COD,RTO,REF10,10,539.7,0,5397.0,4857.3,1,Noir Starter Combo,Noir,Combo,2199,1121.0,2026-04-29,Kolkata,Instagram Ads,18-22
740,493,9,1,999.0,999.0,409,2026-04-29 12:31:00,COD,RTO,REF10,10,539.7,0,5397.0,4857.3,1,Terry Shorts,Blanc,Bottoms,999,500.0,2026-04-29,Kolkata,Instagram Ads,18-22
741,494,7,1,1499.0,1499.0,410,2026-04-30 16:03:00,COD,Delivered,NONE,0,0.0,0,1499.0,1499.0,0,Sweatpants,Noir,Bottoms,1499,735.0,2026-04-30,Nagpur,Referral,18-22
742,495,8,1,699.0,699.0,411,2026-04-30 13:59:00,COD,Returned,WELCOME10,10,169.8,0,1698.0,1528.2,0,Baseball Cap,Blanc,Accessory,699,384.0,2026-04-30,Bengaluru,Influencer,23-27
743,495,2,1,999.0,999.0,411,2026-04-30 13:59:00,COD,Returned,WELCOME10,10,169.8,0,1698.0,1528.2,0,Oversized Tee - Blanc,Blanc,Tee,999,519.0,2026-04-30,Bengaluru,Influencer,23-27
744,496,12,1,3499.0,3499.0,412,2026-05-02 21:48:00,COD,Delivered,REF10,10,349.9,0,3499.0,3149.1,0,Full Fit Combo,Noir,Combo,3499,1715.0,2026-05-02,Jaipur,Instagram Ads,18-22
745,497,12,1,3499.0,3499.0,413,2026-05-02 13:19:00,COD,RTO,NONE,0,0.0,0,3499.0,3499.0,1,Full Fit Combo,Noir,Combo,3499,1715.0,2026-05-02,Nashik,Google Ads,23-27
746,498,9,1,999.0,999.0,414,2026-05-03 19:30:00,COD,Delivered,NONE,0,0.0,49,999.0,1048.0,0,Terry Shorts,Blanc,Bottoms,999,500.0,2026-05-03,Pune,Influencer,18-22
747,499,8,1,699.0,699.0,415,2026-05-03 15:44:00,COD,Delivered,NONE,0,0.0,49,699.0,748.0,0,Baseball Cap,Blanc,Accessory,699,384.0,2026-05-03,Indore,Instagram Ads,23-27
748,500,4,1,1199.0,1199.0,416,2026-05-03 11:34:00,COD,Delivered,REF10,10,119.9,49,1199.0,1128.1,0,Acid Wash Tee,Noir,Tee,1199,576.0,2026-05-03,Hyderabad,Influencer,18-22
749,501,2,1,999.0,999.0,417,2026-05-04 18:12:00,COD,Delivered,NONE,0,0.0,49,999.0,1048.0,0,Oversized Tee - Blanc,Blanc,Tee,999,519.0,2026-05-04,Delhi,Instagram Ads,23-27
750,502,6,1,1599.0,1599.0,418,2026-05-04 11:29:00,COD,Delivered,LAUNCH15,15,404.7,0,2698.0,2293.3,0,Oversized Shirt,Noir,Shirt,1599,752.0,2026-05-04,Delhi,Referral,35+
751,502,5,1,1099.0,1099.0,418,2026-05-04 11:29:00,COD,Delivered,LAUNCH15,15,404.7,0,2698.0,2293.3,0,Men's Polo,Blanc,Polo,1099,550.0,2026-05-04,Delhi,Referral,35+
752,503,2,1,999.0,999.0,104,2026-05-05 09:03:00,Prepaid,Delivered,NONE,0,0.0,0,999.0,999.0,0,Oversized Tee - Blanc,Blanc,Tee,999,519.0,2025-11-13,Hyderabad,Organic/Direct,23-27
753,504,1,2,999.0,1998.0,401,2026-05-06 18:38:00,COD,Delivered,NONE,0,0.0,0,1998.0,1998.0,0,Oversized Tee - Noir,Noir,Tee,999,519.0,2026-04-24,Pune,Instagram Ads,23-27
754,505,10,2,2199.0,4398.0,419,2026-05-06 23:22:00,Prepaid,Delivered,NONE,0,0.0,0,4398.0,4398.0,0,Noir Starter Combo,Noir,Combo,2199,1121.0,2026-05-06,Jaipur,Organic/Direct,23-27
755,506,3,1,1299.0,1299.0,420,2026-05-06 17:29:00,COD,RTO,WELCOME10,10,129.9,49,1299.0,1218.1,1,Terry Oversized Tee,Noir,Tee,1299,650.0,2026-05-06,Ahmedabad,Google Ads,23-27
756,507,2,2,999.0,1998.0,421,2026-05-07 08:00:00,Prepaid,Delivered,NONE,0,0.0,0,1998.0,1998.0,0,Oversized Tee - Blanc,Blanc,Tee,999,519.0,2026-05-07,Lucknow,Google Ads,23-27
757,508,12,1,3499.0,3499.0,422,2026-05-07 09:17:00,COD,Delivered,NONE,0,0.0,0,3499.0,3499.0,0,Full Fit Combo,Noir,Combo,3499,1715.0,2026-05-07,Pune,Influencer,23-27
758,509,1,1,999.0,999.0,206,2026-05-07 18:17:00,COD,Delivered,NONE,0,0.0,49,999.0,1048.0,0,Oversized Tee - Noir,Noir,Tee,999,519.0,2026-01-02,Pune,Google Ads,23-27
759,510,9,1,999.0,999.0,190,2026-05-07 16:19:00,COD,Delivered,LAUNCH15,15,149.85,49,999.0,898.15,0,Terry Shorts,Blanc,Bottoms,999,500.0,2025-12-27,Jaipur,Instagram Ads,28-34
760,511,9,1,999.0,999.0,423,2026-05-08 14:27:00,COD,Delivered,NONE,0,0.0,49,999.0,1048.0,0,Terry Shorts,Blanc,Bottoms,999,500.0,2026-05-08,Indore,Instagram Ads,28-34
761,512,4,1,1199.0,1199.0,424,2026-05-08 18:06:00,COD,Delivered,NONE,0,0.0,49,1199.0,1248.0,0,Acid Wash Tee,Noir,Tee,1199,576.0,2026-05-08,Lucknow,Instagram Ads,23-27
762,513,1,1,999.0,999.0,425,2026-05-08 16:49:00,COD,Delivered,REF10,10,99.9,49,999.0,948.1,0,Oversized Tee - Noir,Noir,Tee,999,519.0,2026-05-08,Mumbai,Instagram Ads,18-22
763,514,8,1,699.0,699.0,426,2026-05-08 21:35:00,Prepaid,Delivered,NONE,0,0.0,0,699.0,699.0,0,Baseball Cap,Blanc,Accessory,699,384.0,2026-05-08,Lucknow,Organic/Direct,23-27
764,515,4,1,1199.0,1199.0,427,2026-05-09 20:01:00,COD,Delivered,NONE,0,0.0,0,2597.0,2597.0,0,Acid Wash Tee,Noir,Tee,1199,576.0,2026-05-09,Delhi,Google Ads,18-22
765,515,8,2,699.0,1398.0,427,2026-05-09 20:01:00,COD,Delivered,NONE,0,0.0,0,2597.0,2597.0,0,Baseball Cap,Blanc,Accessory,699,384.0,2026-05-09,Delhi,Google Ads,18-22
766,516,6,1,1599.0,1599.0,281,2026-05-09 12:48:00,COD,Delivered,FESTIVE20,20,319.8,49,1599.0,1328.2,0,Oversized Shirt,Noir,Shirt,1599,752.0,2026-02-07,Nagpur,Organic/Direct,28-34
767,517,10,1,2199.0,2199.0,257,2026-05-09 10:10:00,COD,Delivered,FESTIVE20,20,639.6,0,3198.0,2558.4,0,Noir Starter Combo,Noir,Combo,2199,1121.0,2026-01-27,Delhi,Organic/Direct,28-34
768,517,1,1,999.0,999.0,257,2026-05-09 10:10:00,COD,Delivered,FESTIVE20,20,639.6,0,3198.0,2558.4,0,Oversized Tee - Noir,Noir,Tee,999,519.0,2026-01-27,Delhi,Organic/Direct,28-34
769,518,7,1,1499.0,1499.0,428,2026-05-09 14:25:00,COD,RTO,NONE,0,0.0,0,2498.0,2498.0,1,Sweatpants,Noir,Bottoms,1499,735.0,2026-05-09,Delhi,Organic/Direct,18-22
770,518,9,1,999.0,999.0,428,2026-05-09 14:25:00,COD,RTO,NONE,0,0.0,0,2498.0,2498.0,1,Terry Shorts,Blanc,Bottoms,999,500.0,2026-05-09,Delhi,Organic/Direct,18-22
771,519,9,1,999.0,999.0,429,2026-05-10 14:19:00,COD,Delivered,REF10,10,99.9,49,999.0,948.1,0,Terry Shorts,Blanc,Bottoms,999,500.0,2026-05-10,Hyderabad,Instagram Ads,23-27
772,520,3,1,1299.0,1299.0,430,2026-05-10 14:39:00,COD,Delivered,NONE,0,0.0,49,1299.0,1348.0,0,Terry Oversized Tee,Noir,Tee,1299,650.0,2026-05-10,Hyderabad,Instagram Ads,35+
773,521,10,1,2199.0,2199.0,431,2026-05-10 19:24:00,Prepaid,Delivered,WELCOME10,10,519.6,0,5196.0,4676.4,0,Noir Starter Combo,Noir,Combo,2199,1121.0,2026-05-10,Kolkata,Organic/Direct,18-22
774,521,1,2,999.0,1998.0,431,2026-05-10 19:24:00,Prepaid,Delivered,WELCOME10,10,519.6,0,5196.0,4676.4,0,Oversized Tee - Noir,Noir,Tee,999,519.0,2026-05-10,Kolkata,Organic/Direct,18-22
775,521,9,1,999.0,999.0,431,2026-05-10 19:24:00,Prepaid,Delivered,WELCOME10,10,519.6,0,5196.0,4676.4,0,Terry Shorts,Blanc,Bottoms,999,500.0,2026-05-10,Kolkata,Organic/Direct,18-22
776,522,2,1,999.0,999.0,432,2026-05-10 15:37:00,COD,Delivered,NONE,0,0.0,0,4197.0,4197.0,0,Oversized Tee - Blanc,Blanc,Tee,999,519.0,2026-05-10,Nagpur,Instagram Ads,18-22
777,522,6,2,1599.0,3198.0,432,2026-05-10 15:37:00,COD,Delivered,NONE,0,0.0,0,4197.0,4197.0,0,Oversized Shirt,Noir,Shirt,1599,752.0,2026-05-10,Nagpur,Instagram Ads,18-22
778,523,9,1,999.0,999.0,433,2026-05-10 13:57:00,COD,Returned,NONE,0,0.0,0,1998.0,1998.0,0,Terry Shorts,Blanc,Bottoms,999,500.0,2026-05-10,Nagpur,Referral,18-22
779,523,2,1,999.0,999.0,433,2026-05-10 13:57:00,COD,Returned,NONE,0,0.0,0,1998.0,1998.0,0,Oversized Tee - Blanc,Blanc,Tee,999,519.0,2026-05-10,Nagpur,Referral,18-22
780,524,4,1,1199.0,1199.0,434,2026-05-11 15:03:00,COD,Delivered,NONE,0,0.0,0,1898.0,1898.0,0,Acid Wash Tee,Noir,Tee,1199,576.0,2026-05-11,Mumbai,Google Ads,23-27
781,524,8,1,699.0,699.0,434,2026-05-11 15:03:00,COD,Delivered,NONE,0,0.0,0,1898.0,1898.0,0,Baseball Cap,Blanc,Accessory,699,384.0,2026-05-11,Mumbai,Google Ads,23-27
782,525,1,2,999.0,1998.0,435,2026-05-11 15:14:00,COD,Delivered,NONE,0,0.0,0,3097.0,3097.0,0,Oversized Tee - Noir,Noir,Tee,999,519.0,2026-05-11,Delhi,Instagram Ads,18-22
783,525,5,1,1099.0,1099.0,435,2026-05-11 15:14:00,COD,Delivered,NONE,0,0.0,0,3097.0,3097.0,0,Men's Polo,Blanc,Polo,1099,550.0,2026-05-11,Delhi,Instagram Ads,18-22
784,526,7,1,1499.0,1499.0,436,2026-05-12 09:29:00,COD,Delivered,NONE,0,0.0,0,1499.0,1499.0,0,Sweatpants,Noir,Bottoms,1499,735.0,2026-05-12,Lucknow,Google Ads,18-22
785,527,4,1,1199.0,1199.0,437,2026-05-12 12:22:00,Prepaid,Delivered,NONE,0,0.0,0,4796.0,4796.0,0,Acid Wash Tee,Noir,Tee,1199,576.0,2026-05-12,Nagpur,Google Ads,23-27
786,527,1,2,999.0,1998.0,437,2026-05-12 12:22:00,Prepaid,Delivered,NONE,0,0.0,0,4796.0,4796.0,0,Oversized Tee - Noir,Noir,Tee,999,519.0,2026-05-12,Nagpur,Google Ads,23-27
787,527,6,1,1599.0,1599.0,437,2026-05-12 12:22:00,Prepaid,Delivered,NONE,0,0.0,0,4796.0,4796.0,0,Oversized Shirt,Noir,Shirt,1599,752.0,2026-05-12,Nagpur,Google Ads,23-27
788,528,9,2,999.0,1998.0,438,2026-05-12 09:54:00,COD,RTO,NONE,0,0.0,0,1998.0,1998.0,1,Terry Shorts,Blanc,Bottoms,999,500.0,2026-05-12,Delhi,Instagram Ads,18-22
789,529,12,1,3499.0,3499.0,439,2026-05-13 14:02:00,COD,Delivered,NONE,0,0.0,0,3499.0,3499.0,0,Full Fit Combo,Noir,Combo,3499,1715.0,2026-05-13,Mumbai,Instagram Ads,18-22
790,530,11,1,2299.0,2299.0,440,2026-05-14 14:02:00,COD,Delivered,NONE,0,0.0,0,3298.0,3298.0,0,Blanc Essentials Combo,Blanc,Combo,2299,1150.0,2026-05-14,Mumbai,Influencer,23-27
791,530,1,1,999.0,999.0,440,2026-05-14 14:02:00,COD,Delivered,NONE,0,0.0,0,3298.0,3298.0,0,Oversized Tee - Noir,Noir,Tee,999,519.0,2026-05-14,Mumbai,Influencer,23-27
792,531,4,2,1199.0,2398.0,441,2026-05-15 18:24:00,COD,Delivered,LAUNCH15,15,749.4,0,4996.0,4246.6,0,Acid Wash Tee,Noir,Tee,1199,576.0,2026-05-15,Indore,Instagram Ads,28-34
793,531,3,2,1299.0,2598.0,441,2026-05-15 18:24:00,COD,Delivered,LAUNCH15,15,749.4,0,4996.0,4246.6,0,Terry Oversized Tee,Noir,Tee,1299,650.0,2026-05-15,Indore,Instagram Ads,28-34
794,532,1,1,999.0,999.0,442,2026-05-16 12:01:00,COD,Delivered,NONE,0,0.0,49,999.0,1048.0,0,Oversized Tee - Noir,Noir,Tee,999,519.0,2026-05-16,Jaipur,Instagram Ads,18-22
795,533,7,1,1499.0,1499.0,337,2026-05-16 16:12:00,COD,RTO,NONE,0,0.0,0,1499.0,1499.0,1,Sweatpants,Noir,Bottoms,1499,735.0,2026-03-14,Nagpur,Organic/Direct,18-22
796,534,8,1,699.0,699.0,443,2026-05-16 11:53:00,COD,Delivered,WELCOME10,10,69.9,49,699.0,678.1,0,Baseball Cap,Blanc,Accessory,699,384.0,2026-05-16,Bengaluru,Instagram Ads,35+
797,535,1,1,999.0,999.0,444,2026-05-17 10:26:00,COD,Delivered,NONE,0,0.0,0,2298.0,2298.0,0,Oversized Tee - Noir,Noir,Tee,999,519.0,2026-05-17,Pune,Referral,28-34
798,535,3,1,1299.0,1299.0,444,2026-05-17 10:26:00,COD,Delivered,NONE,0,0.0,0,2298.0,2298.0,0,Terry Oversized Tee,Noir,Tee,1299,650.0,2026-05-17,Pune,Referral,28-34
799,536,2,1,999.0,999.0,445,2026-05-17 13:12:00,COD,Delivered,REF10,10,409.7,0,4097.0,3687.3,0,Oversized Tee - Blanc,Blanc,Tee,999,519.0,2026-05-17,Mumbai,Instagram Ads,23-27
800,536,7,1,1499.0,1499.0,445,2026-05-17 13:12:00,COD,Delivered,REF10,10,409.7,0,4097.0,3687.3,0,Sweatpants,Noir,Bottoms,1499,735.0,2026-05-17,Mumbai,Instagram Ads,23-27
801,536,6,1,1599.0,1599.0,445,2026-05-17 13:12:00,COD,Delivered,REF10,10,409.7,0,4097.0,3687.3,0,Oversized Shirt,Noir,Shirt,1599,752.0,2026-05-17,Mumbai,Instagram Ads,23-27
802,537,2,1,999.0,999.0,446,2026-05-18 18:32:00,COD,Delivered,NONE,0,0.0,49,999.0,1048.0,0,Oversized Tee - Blanc,Blanc,Tee,999,519.0,2026-05-18,Nagpur,Organic/Direct,18-22
803,538,9,2,999.0,1998.0,447,2026-05-18 09:19:00,COD,Returned,NONE,0,0.0,0,1998.0,1998.0,0,Terry Shorts,Blanc,Bottoms,999,500.0,2026-05-18,Pune,Organic/Direct,23-27
804,539,12,1,3499.0,3499.0,132,2026-05-18 14:22:00,COD,Delivered,FESTIVE20,20,1359.4,0,6797.0,5437.6,0,Full Fit Combo,Noir,Combo,3499,1715.0,2025-12-02,Kolkata,Referral,23-27
805,539,2,1,999.0,999.0,132,2026-05-18 14:22:00,COD,Delivered,FESTIVE20,20,1359.4,0,6797.0,5437.6,0,Oversized Tee - Blanc,Blanc,Tee,999,519.0,2025-12-02,Kolkata,Referral,23-27
806,539,11,1,2299.0,2299.0,132,2026-05-18 14:22:00,COD,Delivered,FESTIVE20,20,1359.4,0,6797.0,5437.6,0,Blanc Essentials Combo,Blanc,Combo,2299,1150.0,2025-12-02,Kolkata,Referral,23-27
807,540,3,1,1299.0,1299.0,448,2026-05-18 19:21:00,COD,Delivered,LAUNCH15,15,194.85,49,1299.0,1153.15,0,Terry Oversized Tee,Noir,Tee,1299,650.0,2026-05-18,Bengaluru,Instagram Ads,28-34
808,541,7,2,1499.0,2998.0,7,2026-05-19 20:04:00,Prepaid,Delivered,LAUNCH15,15,644.55,0,4297.0,3652.45,0,Sweatpants,Noir,Bottoms,1499,735.0,2025-09-09,Pune,Google Ads,18-22
809,541,3,1,1299.0,1299.0,7,2026-05-19 20:04:00,Prepaid,Delivered,LAUNCH15,15,644.55,0,4297.0,3652.45,0,Terry Oversized Tee,Noir,Tee,1299,650.0,2025-09-09,Pune,Google Ads,18-22
810,542,1,1,999.0,999.0,47,2026-05-21 11:18:00,COD,Delivered,NONE,0,0.0,49,999.0,1048.0,0,Oversized Tee - Noir,Noir,Tee,999,519.0,2025-10-17,Lucknow,Organic/Direct,23-27
811,543,1,1,999.0,999.0,449,2026-05-21 08:30:00,COD,Delivered,NONE,0,0.0,49,999.0,1048.0,0,Oversized Tee - Noir,Noir,Tee,999,519.0,2026-05-21,Nagpur,Influencer,23-27
812,544,2,1,999.0,999.0,450,2026-05-23 11:08:00,COD,RTO,NONE,0,0.0,49,999.0,1048.0,1,Oversized Tee - Blanc,Blanc,Tee,999,519.0,2026-05-23,Ahmedabad,Google Ads,18-22
813,545,2,1,999.0,999.0,451,2026-05-24 14:13:00,COD,Delivered,REF10,10,99.9,49,999.0,948.1,0,Oversized Tee - Blanc,Blanc,Tee,999,519.0,2026-05-24,Delhi,Organic/Direct,18-22
814,546,9,1,999.0,999.0,452,2026-05-24 15:53:00,Prepaid,Delivered,FESTIVE20,20,399.6,0,1998.0,1598.4,0,Terry Shorts,Blanc,Bottoms,999,500.0,2026-05-24,Nagpur,Organic/Direct,18-22
815,546,2,1,999.0,999.0,452,2026-05-24 15:53:00,Prepaid,Delivered,FESTIVE20,20,399.6,0,1998.0,1598.4,0,Oversized Tee - Blanc,Blanc,Tee,999,519.0,2026-05-24,Nagpur,Organic/Direct,18-22
816,547,12,1,3499.0,3499.0,453,2026-05-25 13:54:00,COD,Delivered,NONE,0,0.0,0,3499.0,3499.0,0,Full Fit Combo,Noir,Combo,3499,1715.0,2026-05-25,Ahmedabad,Influencer,18-22
817,548,6,1,1599.0,1599.0,454,2026-05-25 15:00:00,COD,Delivered,FESTIVE20,20,559.6,0,2798.0,2238.4,0,Oversized Shirt,Noir,Shirt,1599,752.0,2026-05-25,Indore,Google Ads,28-34
818,548,4,1,1199.0,1199.0,454,2026-05-25 15:00:00,COD,Delivered,FESTIVE20,20,559.6,0,2798.0,2238.4,0,Acid Wash Tee,Noir,Tee,1199,576.0,2026-05-25,Indore,Google Ads,28-34
819,549,5,1,1099.0,1099.0,455,2026-05-26 14:20:00,COD,Delivered,NONE,0,0.0,0,4598.0,4598.0,0,Men's Polo,Blanc,Polo,1099,550.0,2026-05-26,Delhi,Influencer,18-22
820,549,12,1,3499.0,3499.0,455,2026-05-26 14:20:00,COD,Delivered,NONE,0,0.0,0,4598.0,4598.0,0,Full Fit Combo,Noir,Combo,3499,1715.0,2026-05-26,Delhi,Influencer,18-22
821,550,10,1,2199.0,2199.0,456,2026-05-26 11:07:00,COD,RTO,NONE,0,0.0,0,2199.0,2199.0,1,Noir Starter Combo,Noir,Combo,2199,1121.0,2026-05-26,Indore,Instagram Ads,18-22
822,551,1,1,999.0,999.0,457,2026-05-27 14:30:00,COD,Delivered,NONE,0,0.0,0,4797.0,4797.0,0,Oversized Tee - Noir,Noir,Tee,999,519.0,2026-05-27,Kolkata,Influencer,18-22
823,551,7,1,1499.0,1499.0,457,2026-05-27 14:30:00,COD,Delivered,NONE,0,0.0,0,4797.0,4797.0,0,Sweatpants,Noir,Bottoms,1499,735.0,2026-05-27,Kolkata,Influencer,18-22
824,551,11,1,2299.0,2299.0,457,2026-05-27 14:30:00,COD,Delivered,NONE,0,0.0,0,4797.0,4797.0,0,Blanc Essentials Combo,Blanc,Combo,2299,1150.0,2026-05-27,Kolkata,Influencer,18-22
825,552,1,1,999.0,999.0,458,2026-05-27 12:13:00,COD,Delivered,NONE,0,0.0,49,999.0,1048.0,0,Oversized Tee - Noir,Noir,Tee,999,519.0,2026-05-27,Ahmedabad,Influencer,23-27
826,553,1,1,999.0,999.0,459,2026-05-27 17:42:00,COD,Delivered,NONE,0,0.0,49,999.0,1048.0,0,Oversized Tee - Noir,Noir,Tee,999,519.0,2026-05-27,Indore,Organic/Direct,28-34
827,554,7,1,1499.0,1499.0,460,2026-05-27 12:01:00,COD,Delivered,WELCOME10,10,149.9,49,1499.0,1398.1,0,Sweatpants,Noir,Bottoms,1499,735.0,2026-05-27,Pune,Organic/Direct,23-27
828,555,4,1,1199.0,1199.0,461,2026-05-28 16:00:00,COD,Delivered,REF10,10,119.9,49,1199.0,1128.1,0,Acid Wash Tee,Noir,Tee,1199,576.0,2026-05-28,Pune,Instagram Ads,23-27
829,556,4,1,1199.0,1199.0,348,2026-05-28 12:40:00,COD,Delivered,NONE,0,0.0,0,2198.0,2198.0,0,Acid Wash Tee,Noir,Tee,1199,576.0,2026-03-19,Nagpur,Organic/Direct,28-34
830,556,1,1,999.0,999.0,348,2026-05-28 12:40:00,COD,Delivered,NONE,0,0.0,0,2198.0,2198.0,0,Oversized Tee - Noir,Noir,Tee,999,519.0,2026-03-19,Nagpur,Organic/Direct,28-34
831,557,1,1,999.0,999.0,462,2026-05-28 11:34:00,COD,Delivered,NONE,0,0.0,0,4498.0,4498.0,0,Oversized Tee - Noir,Noir,Tee,999,519.0,2026-05-28,Jaipur,Influencer,18-22
832,557,12,1,3499.0,3499.0,462,2026-05-28 11:34:00,COD,Delivered,NONE,0,0.0,0,4498.0,4498.0,0,Full Fit Combo,Noir,Combo,3499,1715.0,2026-05-28,Jaipur,Influencer,18-22
833,558,11,1,2299.0,2299.0,463,2026-05-29 17:28:00,COD,Delivered,FESTIVE20,20,459.8,0,2299.0,1839.2,0,Blanc Essentials Combo,Blanc,Combo,2299,1150.0,2026-05-29,Mumbai,Organic/Direct,18-22
834,559,11,1,2299.0,2299.0,29,2026-05-29 16:30:00,COD,Delivered,NONE,0,0.0,0,2299.0,2299.0,0,Blanc Essentials Combo,Blanc,Combo,2299,1150.0,2025-10-09,Mumbai,Influencer,23-27
835,560,12,1,3499.0,3499.0,464,2026-05-30 11:02:00,COD,Delivered,NONE,0,0.0,0,3499.0,3499.0,0,Full Fit Combo,Noir,Combo,3499,1715.0,2026-05-30,Indore,Influencer,28-34
836,561,2,1,999.0,999.0,465,2026-05-30 09:19:00,COD,Delivered,NONE,0,0.0,49,999.0,1048.0,0,Oversized Tee - Blanc,Blanc,Tee,999,519.0,2026-05-30,Hyderabad,Instagram Ads,18-22
837,562,8,1,699.0,699.0,466,2026-05-31 15:37:00,COD,Delivered,NONE,0,0.0,0,1798.0,1798.0,0,Baseball Cap,Blanc,Accessory,699,384.0,2026-05-31,Nagpur,Instagram Ads,18-22
838,562,5,1,1099.0,1099.0,466,2026-05-31 15:37:00,COD,Delivered,NONE,0,0.0,0,1798.0,1798.0,0,Men's Polo,Blanc,Polo,1099,550.0,2026-05-31,Nagpur,Instagram Ads,18-22
839,563,9,1,999.0,999.0,467,2026-05-31 15:31:00,COD,Delivered,NONE,0,0.0,49,999.0,1048.0,0,Terry Shorts,Blanc,Bottoms,999,500.0,2026-05-31,Delhi,Influencer,18-22
840,564,6,1,1599.0,1599.0,468,2026-05-31 19:46:00,Prepaid,Delivered,NONE,0,0.0,0,1599.0,1599.0,0,Oversized Shirt,Noir,Shirt,1599,752.0,2026-05-31,Jaipur,Referral,18-22
841,565,1,1,999.0,999.0,469,2026-05-31 18:05:00,Prepaid,Delivered,REF10,10,99.9,0,999.0,899.1,0,Oversized Tee - Noir,Noir,Tee,999,519.0,2026-05-31,Mumbai,Instagram Ads,28-34
842,566,6,1,1599.0,1599.0,331,2026-06-02 10:34:00,Prepaid,Delivered,LAUNCH15,15,239.85,0,1599.0,1359.15,0,Oversized Shirt,Noir,Shirt,1599,752.0,2026-03-10,Ahmedabad,Influencer,35+
843,567,5,1,1099.0,1099.0,300,2026-06-02 14:48:00,Prepaid,Delivered,REF10,10,109.9,0,1099.0,989.1,0,Men's Polo,Blanc,Polo,1099,550.0,2026-02-23,Nagpur,Instagram Ads,23-27
844,568,1,1,999.0,999.0,470,2026-06-02 10:56:00,COD,Delivered,NONE,0,0.0,49,999.0,1048.0,0,Oversized Tee - Noir,Noir,Tee,999,519.0,2026-06-02,Delhi,Influencer,23-27
845,569,2,1,999.0,999.0,471,2026-06-03 19:53:00,COD,Delivered,LAUNCH15,15,344.7,0,2298.0,1953.3,0,Oversized Tee - Blanc,Blanc,Tee,999,519.0,2026-06-03,Kolkata,Influencer,28-34
846,569,3,1,1299.0,1299.0,471,2026-06-03 19:53:00,COD,Delivered,LAUNCH15,15,344.7,0,2298.0,1953.3,0,Terry Oversized Tee,Noir,Tee,1299,650.0,2026-06-03,Kolkata,Influencer,28-34
847,570,11,1,2299.0,2299.0,472,2026-06-03 12:34:00,Prepaid,Delivered,NONE,0,0.0,0,2299.0,2299.0,0,Blanc Essentials Combo,Blanc,Combo,2299,1150.0,2026-06-03,Delhi,Instagram Ads,28-34
848,571,2,1,999.0,999.0,473,2026-06-03 17:15:00,COD,Cancelled,NONE,0,0.0,49,999.0,1048.0,0,Oversized Tee - Blanc,Blanc,Tee,999,519.0,2026-06-03,Nagpur,Influencer,23-27
849,572,4,1,1199.0,1199.0,377,2026-06-04 16:37:00,Prepaid,Delivered,NONE,0,0.0,0,1199.0,1199.0,0,Acid Wash Tee,Noir,Tee,1199,576.0,2026-04-11,Nagpur,Influencer,23-27
850,573,11,1,2299.0,2299.0,474,2026-06-04 11:48:00,COD,Delivered,NONE,0,0.0,0,3298.0,3298.0,0,Blanc Essentials Combo,Blanc,Combo,2299,1150.0,2026-06-04,Nagpur,Organic/Direct,35+
851,573,2,1,999.0,999.0,474,2026-06-04 11:48:00,COD,Delivered,NONE,0,0.0,0,3298.0,3298.0,0,Oversized Tee - Blanc,Blanc,Tee,999,519.0,2026-06-04,Nagpur,Organic/Direct,35+
852,574,5,1,1099.0,1099.0,191,2026-06-04 14:07:00,COD,RTO,NONE,0,0.0,0,2298.0,2298.0,1,Men's Polo,Blanc,Polo,1099,550.0,2025-12-27,Ahmedabad,Instagram Ads,23-27
853,574,4,1,1199.0,1199.0,191,2026-06-04 14:07:00,COD,RTO,NONE,0,0.0,0,2298.0,2298.0,1,Acid Wash Tee,Noir,Tee,1199,576.0,2025-12-27,Ahmedabad,Instagram Ads,23-27
854,575,10,1,2199.0,2199.0,475,2026-06-04 09:08:00,Prepaid,Delivered,LAUNCH15,15,524.7,0,3498.0,2973.3,0,Noir Starter Combo,Noir,Combo,2199,1121.0,2026-06-04,Indore,Instagram Ads,28-34
855,575,3,1,1299.0,1299.0,475,2026-06-04 09:08:00,Prepaid,Delivered,LAUNCH15,15,524.7,0,3498.0,2973.3,0,Terry Oversized Tee,Noir,Tee,1299,650.0,2026-06-04,Indore,Instagram Ads,28-34
856,576,4,1,1199.0,1199.0,378,2026-06-05 13:25:00,Prepaid,Cancelled,NONE,0,0.0,0,1199.0,1199.0,0,Acid Wash Tee,Noir,Tee,1199,576.0,2026-04-11,Nagpur,Instagram Ads,35+
857,577,1,1,999.0,999.0,476,2026-06-05 21:05:00,COD,Delivered,NONE,0,0.0,0,2098.0,2098.0,0,Oversized Tee - Noir,Noir,Tee,999,519.0,2026-06-05,Mumbai,Organic/Direct,28-34
858,577,5,1,1099.0,1099.0,476,2026-06-05 21:05:00,COD,Delivered,NONE,0,0.0,0,2098.0,2098.0,0,Men's Polo,Blanc,Polo,1099,550.0,2026-06-05,Mumbai,Organic/Direct,28-34
859,578,10,1,2199.0,2199.0,477,2026-06-07 12:04:00,Prepaid,Delivered,NONE,0,0.0,0,2199.0,2199.0,0,Noir Starter Combo,Noir,Combo,2199,1121.0,2026-06-07,Bengaluru,Influencer,23-27
860,579,10,1,2199.0,2199.0,478,2026-06-07 12:18:00,Prepaid,Delivered,NONE,0,0.0,0,2199.0,2199.0,0,Noir Starter Combo,Noir,Combo,2199,1121.0,2026-06-07,Delhi,Google Ads,35+
861,580,5,1,1099.0,1099.0,215,2026-06-07 14:26:00,Prepaid,Delivered,NONE,0,0.0,0,1798.0,1798.0,0,Men's Polo,Blanc,Polo,1099,550.0,2026-01-04,Indore,Instagram Ads,18-22
862,580,8,1,699.0,699.0,215,2026-06-07 14:26:00,Prepaid,Delivered,NONE,0,0.0,0,1798.0,1798.0,0,Baseball Cap,Blanc,Accessory,699,384.0,2026-01-04,Indore,Instagram Ads,18-22
863,581,10,2,2199.0,4398.0,479,2026-06-07 12:49:00,COD,RTO,WELCOME10,10,439.8,0,4398.0,3958.2,1,Noir Starter Combo,Noir,Combo,2199,1121.0,2026-06-07,Hyderabad,Instagram Ads,23-27
864,582,5,1,1099.0,1099.0,480,2026-06-09 16:38:00,Prepaid,Delivered,NONE,0,0.0,0,1099.0,1099.0,0,Men's Polo,Blanc,Polo,1099,550.0,2026-06-09,Bengaluru,Influencer,18-22
865,583,12,1,3499.0,3499.0,481,2026-06-10 12:53:00,COD,Delivered,NONE,0,0.0,0,3499.0,3499.0,0,Full Fit Combo,Noir,Combo,3499,1715.0,2026-06-10,Nagpur,Influencer,18-22
866,584,11,1,2299.0,2299.0,482,2026-06-10 15:05:00,Prepaid,Delivered,REF10,10,499.6,0,4996.0,4496.4,0,Blanc Essentials Combo,Blanc,Combo,2299,1150.0,2026-06-10,Hyderabad,Google Ads,18-22
867,584,1,2,999.0,1998.0,482,2026-06-10 15:05:00,Prepaid,Delivered,REF10,10,499.6,0,4996.0,4496.4,0,Oversized Tee - Noir,Noir,Tee,999,519.0,2026-06-10,Hyderabad,Google Ads,18-22
868,584,8,1,699.0,699.0,482,2026-06-10 15:05:00,Prepaid,Delivered,REF10,10,499.6,0,4996.0,4496.4,0,Baseball Cap,Blanc,Accessory,699,384.0,2026-06-10,Hyderabad,Google Ads,18-22
869,585,1,1,999.0,999.0,259,2026-06-11 16:45:00,COD,Delivered,WELCOME10,10,99.9,49,999.0,948.1,0,Oversized Tee - Noir,Noir,Tee,999,519.0,2026-01-28,Nashik,Instagram Ads,18-22
870,586,8,2,699.0,1398.0,483,2026-06-11 19:36:00,COD,Delivered,NONE,0,0.0,49,1398.0,1447.0,0,Baseball Cap,Blanc,Accessory,699,384.0,2026-06-11,Mumbai,Influencer,18-22
871,587,4,2,1199.0,2398.0,484,2026-06-12 14:03:00,Prepaid,Delivered,NONE,0,0.0,0,2398.0,2398.0,0,Acid Wash Tee,Noir,Tee,1199,576.0,2026-06-12,Kolkata,Organic/Direct,18-22
872,588,4,1,1199.0,1199.0,485,2026-06-12 11:48:00,COD,Delivered,NONE,0,0.0,49,1199.0,1248.0,0,Acid Wash Tee,Noir,Tee,1199,576.0,2026-06-12,Nagpur,Organic/Direct,18-22
873,589,2,1,999.0,999.0,21,2026-06-13 12:31:00,Prepaid,Delivered,LAUNCH15,15,149.85,0,999.0,849.15,0,Oversized Tee - Blanc,Blanc,Tee,999,519.0,2025-09-26,Ahmedabad,Instagram Ads,18-22
874,590,10,1,2199.0,2199.0,486,2026-06-13 17:03:00,Prepaid,Delivered,LAUNCH15,15,329.85,0,2199.0,1869.15,0,Noir Starter Combo,Noir,Combo,2199,1121.0,2026-06-13,Pune,Organic/Direct,18-22
875,591,1,2,999.0,1998.0,487,2026-06-13 13:20:00,COD,Delivered,WELCOME10,10,329.7,0,3297.0,2967.3,0,Oversized Tee - Noir,Noir,Tee,999,519.0,2026-06-13,Kolkata,Google Ads,18-22
876,591,3,1,1299.0,1299.0,487,2026-06-13 13:20:00,COD,Delivered,WELCOME10,10,329.7,0,3297.0,2967.3,0,Terry Oversized Tee,Noir,Tee,1299,650.0,2026-06-13,Kolkata,Google Ads,18-22
877,592,2,1,999.0,999.0,473,2026-06-13 20:34:00,Prepaid,Delivered,REF10,10,549.7,0,5497.0,4947.3,0,Oversized Tee - Blanc,Blanc,Tee,999,519.0,2026-06-03,Nagpur,Influencer,23-27
878,592,12,1,3499.0,3499.0,473,2026-06-13 20:34:00,Prepaid,Delivered,REF10,10,549.7,0,5497.0,4947.3,0,Full Fit Combo,Noir,Combo,3499,1715.0,2026-06-03,Nagpur,Influencer,23-27
879,592,1,1,999.0,999.0,473,2026-06-13 20:34:00,Prepaid,Delivered,REF10,10,549.7,0,5497.0,4947.3,0,Oversized Tee - Noir,Noir,Tee,999,519.0,2026-06-03,Nagpur,Influencer,23-27
880,593,4,1,1199.0,1199.0,488,2026-06-13 11:12:00,COD,Returned,NONE,0,0.0,49,1199.0,1248.0,0,Acid Wash Tee,Noir,Tee,1199,576.0,2026-06-13,Pune,Organic/Direct,23-27
881,594,2,1,999.0,999.0,464,2026-06-14 13:08:00,Prepaid,Delivered,NONE,0,0.0,0,2098.0,2098.0,0,Oversized Tee - Blanc,Blanc,Tee,999,519.0,2026-05-30,Indore,Influencer,28-34
882,594,5,1,1099.0,1099.0,464,2026-06-14 13:08:00,Prepaid,Delivered,NONE,0,0.0,0,2098.0,2098.0,0,Men's Polo,Blanc,Polo,1099,550.0,2026-05-30,Indore,Influencer,28-34
883,595,4,2,1199.0,2398.0,489,2026-06-14 09:37:00,Prepaid,Delivered,NONE,0,0.0,0,9396.0,9396.0,0,Acid Wash Tee,Noir,Tee,1199,576.0,2026-06-14,Nashik,Influencer,23-27
884,595,12,2,3499.0,6998.0,489,2026-06-14 09:37:00,Prepaid,Delivered,NONE,0,0.0,0,9396.0,9396.0,0,Full Fit Combo,Noir,Combo,3499,1715.0,2026-06-14,Nashik,Influencer,23-27
885,596,10,1,2199.0,2199.0,490,2026-06-15 13:47:00,COD,Delivered,NONE,0,0.0,0,2199.0,2199.0,0,Noir Starter Combo,Noir,Combo,2199,1121.0,2026-06-15,Nagpur,Google Ads,18-22
886,597,2,1,999.0,999.0,491,2026-06-16 20:03:00,Prepaid,Returned,WELCOME10,10,539.7,0,5397.0,4857.3,0,Oversized Tee - Blanc,Blanc,Tee,999,519.0,2026-06-16,Ahmedabad,Referral,18-22
887,597,10,2,2199.0,4398.0,491,2026-06-16 20:03:00,Prepaid,Returned,WELCOME10,10,539.7,0,5397.0,4857.3,0,Noir Starter Combo,Noir,Combo,2199,1121.0,2026-06-16,Ahmedabad,Referral,18-22
888,598,12,1,3499.0,3499.0,492,2026-06-16 10:18:00,Prepaid,Delivered,NONE,0,0.0,0,3499.0,3499.0,0,Full Fit Combo,Noir,Combo,3499,1715.0,2026-06-16,Kolkata,Influencer,18-22
889,599,2,1,999.0,999.0,493,2026-06-16 14:28:00,COD,RTO,NONE,0,0.0,0,1998.0,1998.0,1,Oversized Tee - Blanc,Blanc,Tee,999,519.0,2026-06-16,Mumbai,Instagram Ads,23-27
890,599,9,1,999.0,999.0,493,2026-06-16 14:28:00,COD,RTO,NONE,0,0.0,0,1998.0,1998.0,1,Terry Shorts,Blanc,Bottoms,999,500.0,2026-06-16,Mumbai,Instagram Ads,23-27
891,600,6,1,1599.0,1599.0,494,2026-06-16 10:14:00,Prepaid,Delivered,NONE,0,0.0,0,2898.0,2898.0,0,Oversized Shirt,Noir,Shirt,1599,752.0,2026-06-16,Pune,Instagram Ads,23-27
892,600,3,1,1299.0,1299.0,494,2026-06-16 10:14:00,Prepaid,Delivered,NONE,0,0.0,0,2898.0,2898.0,0,Terry Oversized Tee,Noir,Tee,1299,650.0,2026-06-16,Pune,Instagram Ads,23-27
893,601,2,1,999.0,999.0,495,2026-06-17 15:21:00,Prepaid,RTO,NONE,0,0.0,0,999.0,999.0,1,Oversized Tee - Blanc,Blanc,Tee,999,519.0,2026-06-17,Nagpur,Instagram Ads,18-22
894,602,7,1,1499.0,1499.0,496,2026-06-18 17:11:00,Prepaid,Delivered,NONE,0,0.0,0,1499.0,1499.0,0,Sweatpants,Noir,Bottoms,1499,735.0,2026-06-18,Pune,Influencer,18-22
895,603,10,2,2199.0,4398.0,497,2026-06-18 11:06:00,Prepaid,Delivered,LAUNCH15,15,1709.4,0,11396.0,9686.6,0,Noir Starter Combo,Noir,Combo,2199,1121.0,2026-06-18,Nashik,Influencer,23-27
896,603,12,2,3499.0,6998.0,497,2026-06-18 11:06:00,Prepaid,Delivered,LAUNCH15,15,1709.4,0,11396.0,9686.6,0,Full Fit Combo,Noir,Combo,3499,1715.0,2026-06-18,Nashik,Influencer,23-27
897,604,7,1,1499.0,1499.0,498,2026-06-18 20:07:00,COD,RTO,FESTIVE20,20,299.8,49,1499.0,1248.2,1,Sweatpants,Noir,Bottoms,1499,735.0,2026-06-18,Kolkata,Organic/Direct,28-34
898,605,11,1,2299.0,2299.0,499,2026-06-18 19:43:00,COD,Delivered,REF10,10,229.9,0,2299.0,2069.1,0,Blanc Essentials Combo,Blanc,Combo,2299,1150.0,2026-06-18,Delhi,Instagram Ads,23-27
899,606,9,1,999.0,999.0,500,2026-06-19 09:06:00,Prepaid,Delivered,NONE,0,0.0,0,2997.0,2997.0,0,Terry Shorts,Blanc,Bottoms,999,500.0,2026-06-19,Ahmedabad,Influencer,23-27
900,606,2,2,999.0,1998.0,500,2026-06-19 09:06:00,Prepaid,Delivered,NONE,0,0.0,0,2997.0,2997.0,0,Oversized Tee - Blanc,Blanc,Tee,999,519.0,2026-06-19,Ahmedabad,Influencer,23-27
901,607,11,1,2299.0,2299.0,135,2026-06-20 18:36:00,COD,Delivered,FESTIVE20,20,459.8,0,2299.0,1839.2,0,Blanc Essentials Combo,Blanc,Combo,2299,1150.0,2025-12-04,Bengaluru,Instagram Ads,23-27
902,608,2,1,999.0,999.0,501,2026-06-20 08:10:00,COD,RTO,NONE,0,0.0,0,1998.0,1998.0,1,Oversized Tee - Blanc,Blanc,Tee,999,519.0,2026-06-20,Lucknow,Instagram Ads,28-34
903,608,1,1,999.0,999.0,501,2026-06-20 08:10:00,COD,RTO,NONE,0,0.0,0,1998.0,1998.0,1,Oversized Tee - Noir,Noir,Tee,999,519.0,2026-06-20,Lucknow,Instagram Ads,28-34
904,609,5,1,1099.0,1099.0,135,2026-06-20 17:37:00,COD,Delivered,NONE,0,0.0,0,2098.0,2098.0,0,Men's Polo,Blanc,Polo,1099,550.0,2025-12-04,Bengaluru,Instagram Ads,23-27
905,609,1,1,999.0,999.0,135,2026-06-20 17:37:00,COD,Delivered,NONE,0,0.0,0,2098.0,2098.0,0,Oversized Tee - Noir,Noir,Tee,999,519.0,2025-12-04,Bengaluru,Instagram Ads,23-27
906,610,9,2,999.0,1998.0,502,2026-06-20 16:45:00,Prepaid,Delivered,REF10,10,199.8,0,1998.0,1798.2,0,Terry Shorts,Blanc,Bottoms,999,500.0,2026-06-20,Nagpur,Google Ads,28-34
907,611,1,1,999.0,999.0,503,2026-06-20 12:32:00,COD,Delivered,NONE,0,0.0,49,999.0,1048.0,0,Oversized Tee - Noir,Noir,Tee,999,519.0,2026-06-20,Hyderabad,Referral,23-27
908,612,10,1,2199.0,2199.0,504,2026-06-21 10:47:00,COD,Delivered,LAUNCH15,15,329.85,0,2199.0,1869.15,0,Noir Starter Combo,Noir,Combo,2199,1121.0,2026-06-21,Nagpur,Organic/Direct,23-27
909,613,5,2,1099.0,2198.0,505,2026-06-21 17:01:00,COD,Delivered,NONE,0,0.0,0,2198.0,2198.0,0,Men's Polo,Blanc,Polo,1099,550.0,2026-06-21,Kolkata,Influencer,23-27
910,614,11,1,2299.0,2299.0,506,2026-06-21 17:31:00,COD,Delivered,LAUNCH15,15,344.85,0,2299.0,1954.15,0,Blanc Essentials Combo,Blanc,Combo,2299,1150.0,2026-06-21,Hyderabad,Google Ads,18-22
911,615,11,1,2299.0,2299.0,507,2026-06-22 08:17:00,COD,Delivered,NONE,0,0.0,0,4397.0,4397.0,0,Blanc Essentials Combo,Blanc,Combo,2299,1150.0,2026-06-22,Indore,Influencer,18-22
912,615,5,1,1099.0,1099.0,507,2026-06-22 08:17:00,COD,Delivered,NONE,0,0.0,0,4397.0,4397.0,0,Men's Polo,Blanc,Polo,1099,550.0,2026-06-22,Indore,Influencer,18-22
913,615,1,1,999.0,999.0,507,2026-06-22 08:17:00,COD,Delivered,NONE,0,0.0,0,4397.0,4397.0,0,Oversized Tee - Noir,Noir,Tee,999,519.0,2026-06-22,Indore,Influencer,18-22
914,616,8,2,699.0,1398.0,408,2026-06-23 23:15:00,COD,Delivered,NONE,0,0.0,49,1398.0,1447.0,0,Baseball Cap,Blanc,Accessory,699,384.0,2026-04-29,Pune,Organic/Direct,18-22
915,617,2,1,999.0,999.0,508,2026-06-23 18:22:00,Prepaid,Delivered,FESTIVE20,20,399.6,0,1998.0,1598.4,0,Oversized Tee - Blanc,Blanc,Tee,999,519.0,2026-06-23,Kolkata,Influencer,23-27
916,617,1,1,999.0,999.0,508,2026-06-23 18:22:00,Prepaid,Delivered,FESTIVE20,20,399.6,0,1998.0,1598.4,0,Oversized Tee - Noir,Noir,Tee,999,519.0,2026-06-23,Kolkata,Influencer,23-27
917,618,1,1,999.0,999.0,509,2026-06-23 12:20:00,COD,Delivered,NONE,0,0.0,49,999.0,1048.0,0,Oversized Tee - Noir,Noir,Tee,999,519.0,2026-06-23,Indore,Google Ads,23-27
918,619,7,1,1499.0,1499.0,510,2026-06-23 13:07:00,COD,Delivered,WELCOME10,10,149.9,49,1499.0,1398.1,0,Sweatpants,Noir,Bottoms,1499,735.0,2026-06-23,Jaipur,Google Ads,35+
919,620,2,1,999.0,999.0,511,2026-06-24 11:12:00,COD,RTO,NONE,0,0.0,0,3097.0,3097.0,1,Oversized Tee - Blanc,Blanc,Tee,999,519.0,2026-06-24,Mumbai,Instagram Ads,18-22
920,620,5,1,1099.0,1099.0,511,2026-06-24 11:12:00,COD,RTO,NONE,0,0.0,0,3097.0,3097.0,1,Men's Polo,Blanc,Polo,1099,550.0,2026-06-24,Mumbai,Instagram Ads,18-22
921,620,1,1,999.0,999.0,511,2026-06-24 11:12:00,COD,RTO,NONE,0,0.0,0,3097.0,3097.0,1,Oversized Tee - Noir,Noir,Tee,999,519.0,2026-06-24,Mumbai,Instagram Ads,18-22
922,621,11,1,2299.0,2299.0,512,2026-06-24 16:54:00,COD,Delivered,REF10,10,229.9,0,2299.0,2069.1,0,Blanc Essentials Combo,Blanc,Combo,2299,1150.0,2026-06-24,Pune,Instagram Ads,23-27
923,622,8,2,699.0,1398.0,513,2026-06-24 15:06:00,COD,Delivered,NONE,0,0.0,49,1398.0,1447.0,0,Baseball Cap,Blanc,Accessory,699,384.0,2026-06-24,Nagpur,Google Ads,18-22
924,623,9,1,999.0,999.0,514,2026-06-24 15:55:00,Prepaid,RTO,REF10,10,199.8,0,1998.0,1798.2,1,Terry Shorts,Blanc,Bottoms,999,500.0,2026-06-24,Hyderabad,Referral,18-22
925,623,1,1,999.0,999.0,514,2026-06-24 15:55:00,Prepaid,RTO,REF10,10,199.8,0,1998.0,1798.2,1,Oversized Tee - Noir,Noir,Tee,999,519.0,2026-06-24,Hyderabad,Referral,18-22
926,624,5,2,1099.0,2198.0,515,2026-06-24 14:11:00,Prepaid,Delivered,NONE,0,0.0,0,2198.0,2198.0,0,Men's Polo,Blanc,Polo,1099,550.0,2026-06-24,Jaipur,Instagram Ads,23-27
927,625,8,1,699.0,699.0,516,2026-06-24 19:02:00,Prepaid,Delivered,LAUNCH15,15,914.4,0,6096.0,5181.6,0,Baseball Cap,Blanc,Accessory,699,384.0,2026-06-24,Kolkata,Influencer,18-22
928,625,9,1,999.0,999.0,516,2026-06-24 19:02:00,Prepaid,Delivered,LAUNCH15,15,914.4,0,6096.0,5181.6,0,Terry Shorts,Blanc,Bottoms,999,500.0,2026-06-24,Kolkata,Influencer,18-22
929,625,10,2,2199.0,4398.0,516,2026-06-24 19:02:00,Prepaid,Delivered,LAUNCH15,15,914.4,0,6096.0,5181.6,0,Noir Starter Combo,Noir,Combo,2199,1121.0,2026-06-24,Kolkata,Influencer,18-22
930,626,5,1,1099.0,1099.0,381,2026-06-24 14:01:00,COD,Delivered,NONE,0,0.0,0,2098.0,2098.0,0,Men's Polo,Blanc,Polo,1099,550.0,2026-04-11,Pune,Influencer,28-34
931,626,2,1,999.0,999.0,381,2026-06-24 14:01:00,COD,Delivered,NONE,0,0.0,0,2098.0,2098.0,0,Oversized Tee - Blanc,Blanc,Tee,999,519.0,2026-04-11,Pune,Influencer,28-34
932,627,7,1,1499.0,1499.0,517,2026-06-25 19:35:00,COD,Cancelled,NONE,0,0.0,0,4097.0,4097.0,0,Sweatpants,Noir,Bottoms,1499,735.0,2026-06-25,Lucknow,Organic/Direct,23-27
933,627,3,2,1299.0,2598.0,517,2026-06-25 19:35:00,COD,Cancelled,NONE,0,0.0,0,4097.0,4097.0,0,Terry Oversized Tee,Noir,Tee,1299,650.0,2026-06-25,Lucknow,Organic/Direct,23-27
934,628,1,2,999.0,1998.0,518,2026-06-26 14:05:00,COD,Delivered,NONE,0,0.0,0,1998.0,1998.0,0,Oversized Tee - Noir,Noir,Tee,999,519.0,2026-06-26,Lucknow,Organic/Direct,23-27
935,629,2,1,999.0,999.0,519,2026-06-26 23:55:00,Prepaid,Delivered,NONE,0,0.0,0,5597.0,5597.0,0,Oversized Tee - Blanc,Blanc,Tee,999,519.0,2026-06-26,Pune,Influencer,23-27
936,629,11,2,2299.0,4598.0,519,2026-06-26 23:55:00,Prepaid,Delivered,NONE,0,0.0,0,5597.0,5597.0,0,Blanc Essentials Combo,Blanc,Combo,2299,1150.0,2026-06-26,Pune,Influencer,23-27
937,630,3,1,1299.0,1299.0,520,2026-06-26 10:06:00,Prepaid,Delivered,FESTIVE20,20,599.4,0,2997.0,2397.6,0,Terry Oversized Tee,Noir,Tee,1299,650.0,2026-06-26,Delhi,Instagram Ads,23-27
938,630,8,1,699.0,699.0,520,2026-06-26 10:06:00,Prepaid,Delivered,FESTIVE20,20,599.4,0,2997.0,2397.6,0,Baseball Cap,Blanc,Accessory,699,384.0,2026-06-26,Delhi,Instagram Ads,23-27
939,630,2,1,999.0,999.0,520,2026-06-26 10:06:00,Prepaid,Delivered,FESTIVE20,20,599.4,0,2997.0,2397.6,0,Oversized Tee - Blanc,Blanc,Tee,999,519.0,2026-06-26,Delhi,Instagram Ads,23-27
940,631,3,1,1299.0,1299.0,63,2026-06-27 17:39:00,Prepaid,Delivered,NONE,0,0.0,0,1299.0,1299.0,0,Terry Oversized Tee,Noir,Tee,1299,650.0,2025-10-23,Mumbai,Organic/Direct,23-27
941,632,4,2,1199.0,2398.0,331,2026-06-27 20:27:00,COD,Delivered,NONE,0,0.0,0,3397.0,3397.0,0,Acid Wash Tee,Noir,Tee,1199,576.0,2026-03-10,Ahmedabad,Influencer,35+
942,632,9,1,999.0,999.0,331,2026-06-27 20:27:00,COD,Delivered,NONE,0,0.0,0,3397.0,3397.0,0,Terry Shorts,Blanc,Bottoms,999,500.0,2026-03-10,Ahmedabad,Influencer,35+
943,633,1,2,999.0,1998.0,521,2026-06-27 15:50:00,COD,Delivered,NONE,0,0.0,0,6496.0,6496.0,0,Oversized Tee - Noir,Noir,Tee,999,519.0,2026-06-27,Ahmedabad,Instagram Ads,23-27
944,633,2,1,999.0,999.0,521,2026-06-27 15:50:00,COD,Delivered,NONE,0,0.0,0,6496.0,6496.0,0,Oversized Tee - Blanc,Blanc,Tee,999,519.0,2026-06-27,Ahmedabad,Instagram Ads,23-27
945,633,12,1,3499.0,3499.0,521,2026-06-27 15:50:00,COD,Delivered,NONE,0,0.0,0,6496.0,6496.0,0,Full Fit Combo,Noir,Combo,3499,1715.0,2026-06-27,Ahmedabad,Instagram Ads,23-27
946,634,2,2,999.0,1998.0,96,2026-06-27 09:32:00,Prepaid,Delivered,FESTIVE20,20,399.6,0,1998.0,1598.4,0,Oversized Tee - Blanc,Blanc,Tee,999,519.0,2025-11-10,Bengaluru,Referral,28-34
947,635,4,1,1199.0,1199.0,522,2026-06-27 14:18:00,COD,Delivered,NONE,0,0.0,49,1199.0,1248.0,0,Acid Wash Tee,Noir,Tee,1199,576.0,2026-06-27,Lucknow,Influencer,35+
948,636,5,1,1099.0,1099.0,523,2026-06-27 23:53:00,COD,Delivered,NONE,0,0.0,49,1099.0,1148.0,0,Men's Polo,Blanc,Polo,1099,550.0,2026-06-27,Bengaluru,Influencer,23-27
949,637,1,1,999.0,999.0,524,2026-06-27 23:02:00,Prepaid,Delivered,NONE,0,0.0,0,2697.0,2697.0,0,Oversized Tee - Noir,Noir,Tee,999,519.0,2026-06-27,Kolkata,Influencer,35+
950,637,2,1,999.0,999.0,524,2026-06-27 23:02:00,Prepaid,Delivered,NONE,0,0.0,0,2697.0,2697.0,0,Oversized Tee - Blanc,Blanc,Tee,999,519.0,2026-06-27,Kolkata,Influencer,35+
951,637,8,1,699.0,699.0,524,2026-06-27 23:02:00,Prepaid,Delivered,NONE,0,0.0,0,2697.0,2697.0,0,Baseball Cap,Blanc,Accessory,699,384.0,2026-06-27,Kolkata,Influencer,35+
952,638,12,1,3499.0,3499.0,156,2026-06-28 18:18:00,Prepaid,Delivered,NONE,0,0.0,0,6997.0,6997.0,0,Full Fit Combo,Noir,Combo,3499,1715.0,2025-12-15,Nagpur,Instagram Ads,23-27
953,638,11,1,2299.0,2299.0,156,2026-06-28 18:18:00,Prepaid,Delivered,NONE,0,0.0,0,6997.0,6997.0,0,Blanc Essentials Combo,Blanc,Combo,2299,1150.0,2025-12-15,Nagpur,Instagram Ads,23-27
954,638,4,1,1199.0,1199.0,156,2026-06-28 18:18:00,Prepaid,Delivered,NONE,0,0.0,0,6997.0,6997.0,0,Acid Wash Tee,Noir,Tee,1199,576.0,2025-12-15,Nagpur,Instagram Ads,23-27
955,639,7,1,1499.0,1499.0,525,2026-06-28 15:44:00,Prepaid,Delivered,LAUNCH15,15,914.55,0,6097.0,5182.45,0,Sweatpants,Noir,Bottoms,1499,735.0,2026-06-28,Delhi,Instagram Ads,28-34
956,639,5,1,1099.0,1099.0,525,2026-06-28 15:44:00,Prepaid,Delivered,LAUNCH15,15,914.55,0,6097.0,5182.45,0,Men's Polo,Blanc,Polo,1099,550.0,2026-06-28,Delhi,Instagram Ads,28-34
957,639,12,1,3499.0,3499.0,525,2026-06-28 15:44:00,Prepaid,Delivered,LAUNCH15,15,914.55,0,6097.0,5182.45,0,Full Fit Combo,Noir,Combo,3499,1715.0,2026-06-28,Delhi,Instagram Ads,28-34
958,640,10,1,2199.0,2199.0,526,2026-06-28 08:29:00,Prepaid,Delivered,NONE,0,0.0,0,5397.0,5397.0,0,Noir Starter Combo,Noir,Combo,2199,1121.0,2026-06-28,Nagpur,Organic/Direct,28-34
959,640,6,2,1599.0,3198.0,526,2026-06-28 08:29:00,Prepaid,Delivered,NONE,0,0.0,0,5397.0,5397.0,0,Oversized Shirt,Noir,Shirt,1599,752.0,2026-06-28,Nagpur,Organic/Direct,28-34
960,641,4,1,1199.0,1199.0,527,2026-06-28 17:15:00,COD,Delivered,NONE,0,0.0,49,1199.0,1248.0,0,Acid Wash Tee,Noir,Tee,1199,576.0,2026-06-28,Jaipur,Instagram Ads,23-27
961,642,4,1,1199.0,1199.0,528,2026-06-28 12:03:00,Prepaid,Returned,NONE,0,0.0,0,1199.0,1199.0,0,Acid Wash Tee,Noir,Tee,1199,576.0,2026-06-28,Pune,Referral,23-27
962,643,3,1,1299.0,1299.0,529,2026-06-28 12:12:00,Prepaid,Returned,NONE,0,0.0,0,1299.0,1299.0,0,Terry Oversized Tee,Noir,Tee,1299,650.0,2026-06-28,Delhi,Instagram Ads,18-22
963,644,1,1,999.0,999.0,530,2026-06-29 10:15:00,COD,RTO,NONE,0,0.0,0,2198.0,2198.0,1,Oversized Tee - Noir,Noir,Tee,999,519.0,2026-06-29,Nagpur,Organic/Direct,23-27
964,644,4,1,1199.0,1199.0,530,2026-06-29 10:15:00,COD,RTO,NONE,0,0.0,0,2198.0,2198.0,1,Acid Wash Tee,Noir,Tee,1199,576.0,2026-06-29,Nagpur,Organic/Direct,23-27
965,645,2,2,999.0,1998.0,531,2026-06-29 19:33:00,COD,Returned,NONE,0,0.0,0,1998.0,1998.0,0,Oversized Tee - Blanc,Blanc,Tee,999,519.0,2026-06-29,Pune,Referral,18-22
966,646,4,1,1199.0,1199.0,532,2026-06-30 09:29:00,COD,Delivered,LAUNCH15,15,374.7,0,2498.0,2123.3,0,Acid Wash Tee,Noir,Tee,1199,576.0,2026-06-30,Delhi,Organic/Direct,18-22
967,646,3,1,1299.0,1299.0,532,2026-06-30 09:29:00,COD,Delivered,LAUNCH15,15,374.7,0,2498.0,2123.3,0,Terry Oversized Tee,Noir,Tee,1299,650.0,2026-06-30,Delhi,Organic/Direct,18-22
968,647,8,1,699.0,699.0,221,2026-06-30 13:50:00,COD,Returned,NONE,0,0.0,0,4097.0,4097.0,0,Baseball Cap,Blanc,Accessory,699,384.0,2026-01-06,Jaipur,Influencer,23-27
969,647,10,1,2199.0,2199.0,221,2026-06-30 13:50:00,COD,Returned,NONE,0,0.0,0,4097.0,4097.0,0,Noir Starter Combo,Noir,Combo,2199,1121.0,2026-01-06,Jaipur,Influencer,23-27
970,647,4,1,1199.0,1199.0,221,2026-06-30 13:50:00,COD,Returned,NONE,0,0.0,0,4097.0,4097.0,0,Acid Wash Tee,Noir,Tee,1199,576.0,2026-01-06,Jaipur,Influencer,23-27
971,648,3,1,1299.0,1299.0,533,2026-06-30 09:25:00,Prepaid,Delivered,WELCOME10,10,479.8,0,4798.0,4318.2,0,Terry Oversized Tee,Noir,Tee,1299,650.0,2026-06-30,Hyderabad,Organic/Direct,23-27
972,648,12,1,3499.0,3499.0,533,2026-06-30 09:25:00,Prepaid,Delivered,WELCOME10,10,479.8,0,4798.0,4318.2,0,Full Fit Combo,Noir,Combo,3499,1715.0,2026-06-30,Hyderabad,Organic/Direct,23-27
973,649,1,2,999.0,1998.0,534,2026-06-30 13:52:00,Prepaid,Delivered,LAUNCH15,15,764.4,0,5096.0,4331.6,0,Oversized Tee - Noir,Noir,Tee,999,519.0,2026-06-30,Bengaluru,Google Ads,23-27
974,649,6,1,1599.0,1599.0,534,2026-06-30 13:52:00,Prepaid,Delivered,LAUNCH15,15,764.4,0,5096.0,4331.6,0,Oversized Shirt,Noir,Shirt,1599,752.0,2026-06-30,Bengaluru,Google Ads,23-27
975,649,7,1,1499.0,1499.0,534,2026-06-30 13:52:00,Prepaid,Delivered,LAUNCH15,15,764.4,0,5096.0,4331.6,0,Sweatpants,Noir,Bottoms,1499,735.0,2026-06-30,Bengaluru,Google Ads,23-27
976,650,1,1,999.0,999.0,402,2026-06-30 17:55:00,Prepaid,Delivered,NONE,0,0.0,0,2598.0,2598.0,0,Oversized Tee - Noir,Noir,Tee,999,519.0,2026-04-24,Delhi,Instagram Ads,28-34
977,650,6,1,1599.0,1599.0,402,2026-06-30 17:55:00,Prepaid,Delivered,NONE,0,0.0,0,2598.0,2598.0,0,Oversized Shirt,Noir,Shirt,1599,752.0,2026-04-24,Delhi,Instagram Ads,28-34
978,651,10,1,2199.0,2199.0,535,2026-07-01 15:03:00,Prepaid,Delivered,NONE,0,0.0,0,2199.0,2199.0,0,Noir Starter Combo,Noir,Combo,2199,1121.0,2026-07-01,Nagpur,Instagram Ads,23-27
979,652,11,1,2299.0,2299.0,536,2026-07-01 23:06:00,Prepaid,Cancelled,NONE,0,0.0,0,2299.0,2299.0,0,Blanc Essentials Combo,Blanc,Combo,2299,1150.0,2026-07-01,Delhi,Influencer,18-22
980,653,10,1,2199.0,2199.0,258,2026-07-02 15:44:00,Prepaid,Cancelled,NONE,0,0.0,0,2199.0,2199.0,0,Noir Starter Combo,Noir,Combo,2199,1121.0,2026-01-28,Mumbai,Organic/Direct,23-27
981,654,1,1,999.0,999.0,95,2026-07-02 16:06:00,COD,Delivered,NONE,0,0.0,0,2498.0,2498.0,0,Oversized Tee - Noir,Noir,Tee,999,519.0,2025-11-10,Pune,Influencer,23-27
982,654,7,1,1499.0,1499.0,95,2026-07-02 16:06:00,COD,Delivered,NONE,0,0.0,0,2498.0,2498.0,0,Sweatpants,Noir,Bottoms,1499,735.0,2025-11-10,Pune,Influencer,23-27
983,655,3,1,1299.0,1299.0,537,2026-07-02 19:55:00,Prepaid,Delivered,REF10,10,129.9,0,1299.0,1169.1,0,Terry Oversized Tee,Noir,Tee,1299,650.0,2026-07-02,Ahmedabad,Instagram Ads,18-22
984,656,3,1,1299.0,1299.0,439,2026-07-02 13:10:00,Prepaid,Delivered,NONE,0,0.0,0,1299.0,1299.0,0,Terry Oversized Tee,Noir,Tee,1299,650.0,2026-05-13,Mumbai,Instagram Ads,18-22
985,657,6,1,1599.0,1599.0,538,2026-07-02 15:39:00,COD,RTO,LAUNCH15,15,239.85,49,1599.0,1408.15,1,Oversized Shirt,Noir,Shirt,1599,752.0,2026-07-02,Jaipur,Google Ads,18-22
986,658,2,1,999.0,999.0,539,2026-07-02 13:38:00,Prepaid,Delivered,LAUNCH15,15,149.85,0,999.0,849.15,0,Oversized Tee - Blanc,Blanc,Tee,999,519.0,2026-07-02,Jaipur,Organic/Direct,18-22
987,659,9,1,999.0,999.0,540,2026-07-02 15:27:00,COD,Delivered,NONE,0,0.0,49,999.0,1048.0,0,Terry Shorts,Blanc,Bottoms,999,500.0,2026-07-02,Pune,Instagram Ads,28-34
988,660,7,1,1499.0,1499.0,541,2026-07-03 22:02:00,Prepaid,Delivered,NONE,0,0.0,0,1499.0,1499.0,0,Sweatpants,Noir,Bottoms,1499,735.0,2026-07-03,Ahmedabad,Influencer,23-27
989,661,2,1,999.0,999.0,369,2026-07-03 23:54:00,Prepaid,Delivered,WELCOME10,10,99.9,0,999.0,899.1,0,Oversized Tee - Blanc,Blanc,Tee,999,519.0,2026-04-04,Nagpur,Instagram Ads,23-27
990,662,10,1,2199.0,2199.0,454,2026-07-04 12:52:00,Prepaid,Delivered,FESTIVE20,20,639.6,0,3198.0,2558.4,0,Noir Starter Combo,Noir,Combo,2199,1121.0,2026-05-25,Indore,Google Ads,28-34
991,662,1,1,999.0,999.0,454,2026-07-04 12:52:00,Prepaid,Delivered,FESTIVE20,20,639.6,0,3198.0,2558.4,0,Oversized Tee - Noir,Noir,Tee,999,519.0,2026-05-25,Indore,Google Ads,28-34
992,663,5,1,1099.0,1099.0,542,2026-07-04 11:08:00,Prepaid,Delivered,FESTIVE20,20,419.6,0,2098.0,1678.4,0,Men's Polo,Blanc,Polo,1099,550.0,2026-07-04,Lucknow,Influencer,18-22
993,663,9,1,999.0,999.0,542,2026-07-04 11:08:00,Prepaid,Delivered,FESTIVE20,20,419.6,0,2098.0,1678.4,0,Terry Shorts,Blanc,Bottoms,999,500.0,2026-07-04,Lucknow,Influencer,18-22
994,664,5,2,1099.0,2198.0,274,2026-07-04 17:55:00,Prepaid,Delivered,LAUNCH15,15,329.7,0,2198.0,1868.3,0,Men's Polo,Blanc,Polo,1099,550.0,2026-02-03,Indore,Organic/Direct,35+
995,665,9,2,999.0,1998.0,462,2026-07-04 11:49:00,COD,Delivered,NONE,0,0.0,0,4796.0,4796.0,0,Terry Shorts,Blanc,Bottoms,999,500.0,2026-05-28,Jaipur,Influencer,18-22
996,665,3,1,1299.0,1299.0,462,2026-07-04 11:49:00,COD,Delivered,NONE,0,0.0,0,4796.0,4796.0,0,Terry Oversized Tee,Noir,Tee,1299,650.0,2026-05-28,Jaipur,Influencer,18-22
997,665,7,1,1499.0,1499.0,462,2026-07-04 11:49:00,COD,Delivered,NONE,0,0.0,0,4796.0,4796.0,0,Sweatpants,Noir,Bottoms,1499,735.0,2026-05-28,Jaipur,Influencer,18-22
998,666,4,1,1199.0,1199.0,447,2026-07-05 17:47:00,COD,Delivered,NONE,0,0.0,49,1199.0,1248.0,0,Acid Wash Tee,Noir,Tee,1199,576.0,2026-05-18,Pune,Organic/Direct,23-27
999,667,1,1,999.0,999.0,543,2026-07-05 10:04:00,COD,Delivered,NONE,0,0.0,49,999.0,1048.0,0,Oversized Tee - Noir,Noir,Tee,999,519.0,2026-07-05,Ahmedabad,Instagram Ads,18-22
1000,668,7,1,1499.0,1499.0,544,2026-07-06 22:19:00,Prepaid,Returned,NONE,0,0.0,0,1499.0,1499.0,0,Sweatpants,Noir,Bottoms,1499,735.0,2026-07-06,Ahmedabad,Influencer,28-34
1001,669,6,1,1599.0,1599.0,545,2026-07-06 23:53:00,COD,RTO,NONE,0,0.0,0,4197.0,4197.0,1,Oversized Shirt,Noir,Shirt,1599,752.0,2026-07-06,Nagpur,Instagram Ads,18-22
1002,669,7,1,1499.0,1499.0,545,2026-07-06 23:53:00,COD,RTO,NONE,0,0.0,0,4197.0,4197.0,1,Sweatpants,Noir,Bottoms,1499,735.0,2026-07-06,Nagpur,Instagram Ads,18-22
1003,669,5,1,1099.0,1099.0,545,2026-07-06 23:53:00,COD,RTO,NONE,0,0.0,0,4197.0,4197.0,1,Men's Polo,Blanc,Polo,1099,550.0,2026-07-06,Nagpur,Instagram Ads,18-22
1004,670,8,1,699.0,699.0,546,2026-07-07 13:28:00,COD,Delivered,WELCOME10,10,199.8,0,1998.0,1798.2,0,Baseball Cap,Blanc,Accessory,699,384.0,2026-07-07,Kolkata,Influencer,23-27
1005,670,3,1,1299.0,1299.0,546,2026-07-07 13:28:00,COD,Delivered,WELCOME10,10,199.8,0,1998.0,1798.2,0,Terry Oversized Tee,Noir,Tee,1299,650.0,2026-07-07,Kolkata,Influencer,23-27
1006,671,4,1,1199.0,1199.0,547,2026-07-08 19:32:00,COD,RTO,LAUNCH15,15,179.85,49,1199.0,1068.15,1,Acid Wash Tee,Noir,Tee,1199,576.0,2026-07-08,Pune,Referral,23-27
1007,672,4,1,1199.0,1199.0,548,2026-07-08 08:22:00,Prepaid,Delivered,NONE,0,0.0,0,3498.0,3498.0,0,Acid Wash Tee,Noir,Tee,1199,576.0,2026-07-08,Nagpur,Influencer,18-22
1008,672,11,1,2299.0,2299.0,548,2026-07-08 08:22:00,Prepaid,Delivered,NONE,0,0.0,0,3498.0,3498.0,0,Blanc Essentials Combo,Blanc,Combo,2299,1150.0,2026-07-08,Nagpur,Influencer,18-22
1009,673,10,1,2199.0,2199.0,549,2026-07-08 19:35:00,Prepaid,Delivered,WELCOME10,10,219.9,0,2199.0,1979.1,0,Noir Starter Combo,Noir,Combo,2199,1121.0,2026-07-08,Lucknow,Google Ads,18-22
1010,674,12,1,3499.0,3499.0,550,2026-07-08 23:18:00,Prepaid,Delivered,NONE,0,0.0,0,3499.0,3499.0,0,Full Fit Combo,Noir,Combo,3499,1715.0,2026-07-08,Nagpur,Instagram Ads,18-22
1011,675,12,1,3499.0,3499.0,551,2026-07-09 23:28:00,COD,Delivered,REF10,10,489.7,0,4897.0,4407.3,0,Full Fit Combo,Noir,Combo,3499,1715.0,2026-07-09,Indore,Influencer,23-27
1012,675,8,2,699.0,1398.0,551,2026-07-09 23:28:00,COD,Delivered,REF10,10,489.7,0,4897.0,4407.3,0,Baseball Cap,Blanc,Accessory,699,384.0,2026-07-09,Indore,Influencer,23-27
1013,676,1,1,999.0,999.0,552,2026-07-09 10:07:00,COD,Delivered,NONE,0,0.0,0,4496.0,4496.0,0,Oversized Tee - Noir,Noir,Tee,999,519.0,2026-07-09,Nagpur,Influencer,23-27
1014,676,4,2,1199.0,2398.0,552,2026-07-09 10:07:00,COD,Delivered,NONE,0,0.0,0,4496.0,4496.0,0,Acid Wash Tee,Noir,Tee,1199,576.0,2026-07-09,Nagpur,Influencer,23-27
1015,676,5,1,1099.0,1099.0,552,2026-07-09 10:07:00,COD,Delivered,NONE,0,0.0,0,4496.0,4496.0,0,Men's Polo,Blanc,Polo,1099,550.0,2026-07-09,Nagpur,Influencer,23-27
1016,677,6,1,1599.0,1599.0,355,2026-07-09 08:07:00,Prepaid,Delivered,NONE,0,0.0,0,1599.0,1599.0,0,Oversized Shirt,Noir,Shirt,1599,752.0,2026-03-28,Nashik,Influencer,23-27
1017,678,1,1,999.0,999.0,84,2026-07-09 13:29:00,COD,Delivered,NONE,0,0.0,49,999.0,1048.0,0,Oversized Tee - Noir,Noir,Tee,999,519.0,2025-11-05,Hyderabad,Organic/Direct,23-27
1018,679,5,1,1099.0,1099.0,553,2026-07-10 14:38:00,COD,Delivered,NONE,0,0.0,49,1099.0,1148.0,0,Men's Polo,Blanc,Polo,1099,550.0,2026-07-10,Mumbai,Organic/Direct,23-27
1019,680,3,1,1299.0,1299.0,431,2026-07-10 14:47:00,COD,Delivered,NONE,0,0.0,0,4597.0,4597.0,0,Terry Oversized Tee,Noir,Tee,1299,650.0,2026-05-10,Kolkata,Organic/Direct,18-22
1020,680,10,1,2199.0,2199.0,431,2026-07-10 14:47:00,COD,Delivered,NONE,0,0.0,0,4597.0,4597.0,0,Noir Starter Combo,Noir,Combo,2199,1121.0,2026-05-10,Kolkata,Organic/Direct,18-22
1021,680,5,1,1099.0,1099.0,431,2026-07-10 14:47:00,COD,Delivered,NONE,0,0.0,0,4597.0,4597.0,0,Men's Polo,Blanc,Polo,1099,550.0,2026-05-10,Kolkata,Organic/Direct,18-22
1022,681,3,1,1299.0,1299.0,554,2026-07-10 17:43:00,COD,Delivered,LAUNCH15,15,419.7,0,2798.0,2378.3,0,Terry Oversized Tee,Noir,Tee,1299,650.0,2026-07-10,Kolkata,Instagram Ads,18-22
1023,681,7,1,1499.0,1499.0,554,2026-07-10 17:43:00,COD,Delivered,LAUNCH15,15,419.7,0,2798.0,2378.3,0,Sweatpants,Noir,Bottoms,1499,735.0,2026-07-10,Kolkata,Instagram Ads,18-22
1024,682,8,1,699.0,699.0,10,2026-07-10 14:58:00,COD,Delivered,NONE,0,0.0,49,699.0,748.0,0,Baseball Cap,Blanc,Accessory,699,384.0,2025-09-12,Lucknow,Organic/Direct,35+
1025,683,1,1,999.0,999.0,555,2026-07-11 11:03:00,COD,Cancelled,NONE,0,0.0,49,999.0,1048.0,0,Oversized Tee - Noir,Noir,Tee,999,519.0,2026-07-11,Bengaluru,Influencer,23-27
1026,684,4,1,1199.0,1199.0,384,2026-07-11 10:33:00,Prepaid,Delivered,FESTIVE20,20,239.8,0,1199.0,959.2,0,Acid Wash Tee,Noir,Tee,1199,576.0,2026-04-13,Pune,Google Ads,18-22
1027,685,7,1,1499.0,1499.0,556,2026-07-11 11:20:00,COD,Delivered,FESTIVE20,20,739.4,0,3697.0,2957.6,0,Sweatpants,Noir,Bottoms,1499,735.0,2026-07-11,Bengaluru,Influencer,28-34
1028,685,5,2,1099.0,2198.0,556,2026-07-11 11:20:00,COD,Delivered,FESTIVE20,20,739.4,0,3697.0,2957.6,0,Men's Polo,Blanc,Polo,1099,550.0,2026-07-11,Bengaluru,Influencer,28-34
1029,686,7,1,1499.0,1499.0,557,2026-07-11 17:20:00,COD,Delivered,REF10,10,149.9,49,1499.0,1398.1,0,Sweatpants,Noir,Bottoms,1499,735.0,2026-07-11,Ahmedabad,Google Ads,23-27
1030,687,4,1,1199.0,1199.0,558,2026-07-11 09:49:00,Prepaid,Delivered,NONE,0,0.0,0,1199.0,1199.0,0,Acid Wash Tee,Noir,Tee,1199,576.0,2026-07-11,Indore,Influencer,23-27
1031,688,6,1,1599.0,1599.0,442,2026-07-12 16:17:00,COD,Delivered,LAUNCH15,15,569.7,0,3798.0,3228.3,0,Oversized Shirt,Noir,Shirt,1599,752.0,2026-05-16,Jaipur,Instagram Ads,18-22
1032,688,10,1,2199.0,2199.0,442,2026-07-12 16:17:00,COD,Delivered,LAUNCH15,15,569.7,0,3798.0,3228.3,0,Noir Starter Combo,Noir,Combo,2199,1121.0,2026-05-16,Jaipur,Instagram Ads,18-22
1033,689,10,1,2199.0,2199.0,559,2026-07-12 22:55:00,COD,Delivered,FESTIVE20,20,439.8,0,2199.0,1759.2,0,Noir Starter Combo,Noir,Combo,2199,1121.0,2026-07-12,Bengaluru,Google Ads,28-34
1034,690,1,2,999.0,1998.0,49,2026-07-12 18:48:00,Prepaid,Delivered,NONE,0,0.0,0,1998.0,1998.0,0,Oversized Tee - Noir,Noir,Tee,999,519.0,2025-10-18,Nashik,Organic/Direct,18-22
1035,691,9,1,999.0,999.0,560,2026-07-12 15:23:00,COD,RTO,NONE,0,0.0,49,999.0,1048.0,1,Terry Shorts,Blanc,Bottoms,999,500.0,2026-07-12,Mumbai,Instagram Ads,23-27
1036,692,2,1,999.0,999.0,81,2026-07-12 10:09:00,Prepaid,Cancelled,WELCOME10,10,99.9,0,999.0,899.1,0,Oversized Tee - Blanc,Blanc,Tee,999,519.0,2025-11-03,Mumbai,Organic/Direct,18-22
1037,693,1,1,999.0,999.0,561,2026-07-12 12:16:00,Prepaid,Delivered,LAUNCH15,15,299.7,0,1998.0,1698.3,0,Oversized Tee - Noir,Noir,Tee,999,519.0,2026-07-12,Jaipur,Instagram Ads,23-27
1038,693,2,1,999.0,999.0,561,2026-07-12 12:16:00,Prepaid,Delivered,LAUNCH15,15,299.7,0,1998.0,1698.3,0,Oversized Tee - Blanc,Blanc,Tee,999,519.0,2026-07-12,Jaipur,Instagram Ads,23-27
1039,694,2,1,999.0,999.0,562,2026-07-13 15:23:00,Prepaid,Delivered,NONE,0,0.0,0,999.0,999.0,0,Oversized Tee - Blanc,Blanc,Tee,999,519.0,2026-07-13,Pune,Organic/Direct,35+
1040,695,5,1,1099.0,1099.0,563,2026-07-14 13:51:00,COD,Delivered,LAUNCH15,15,164.85,49,1099.0,983.15,0,Men's Polo,Blanc,Polo,1099,550.0,2026-07-14,Nagpur,Referral,18-22
1041,696,8,1,699.0,699.0,409,2026-07-14 13:26:00,COD,Delivered,NONE,0,0.0,49,699.0,748.0,0,Baseball Cap,Blanc,Accessory,699,384.0,2026-04-29,Kolkata,Instagram Ads,18-22
1042,697,11,2,2299.0,4598.0,564,2026-07-15 12:06:00,Prepaid,Delivered,WELCOME10,10,559.7,0,5597.0,5037.3,0,Blanc Essentials Combo,Blanc,Combo,2299,1150.0,2026-07-15,Mumbai,Organic/Direct,23-27
1043,697,2,1,999.0,999.0,564,2026-07-15 12:06:00,Prepaid,Delivered,WELCOME10,10,559.7,0,5597.0,5037.3,0,Oversized Tee - Blanc,Blanc,Tee,999,519.0,2026-07-15,Mumbai,Organic/Direct,23-27
1044,698,2,1,999.0,999.0,266,2026-07-15 13:21:00,Prepaid,Delivered,FESTIVE20,20,199.8,0,999.0,799.2,0,Oversized Tee - Blanc,Blanc,Tee,999,519.0,2026-01-31,Nagpur,Organic/Direct,35+
1045,699,12,1,3499.0,3499.0,565,2026-07-15 21:33:00,COD,Delivered,NONE,0,0.0,0,3499.0,3499.0,0,Full Fit Combo,Noir,Combo,3499,1715.0,2026-07-15,Nagpur,Influencer,18-22
1046,700,2,1,999.0,999.0,566,2026-07-16 15:16:00,COD,Delivered,FESTIVE20,20,899.4,0,4497.0,3597.6,0,Oversized Tee - Blanc,Blanc,Tee,999,519.0,2026-07-16,Pune,Influencer,18-22
1047,700,3,1,1299.0,1299.0,566,2026-07-16 15:16:00,COD,Delivered,FESTIVE20,20,899.4,0,4497.0,3597.6,0,Terry Oversized Tee,Noir,Tee,1299,650.0,2026-07-16,Pune,Influencer,18-22
1048,700,10,1,2199.0,2199.0,566,2026-07-16 15:16:00,COD,Delivered,FESTIVE20,20,899.4,0,4497.0,3597.6,0,Noir Starter Combo,Noir,Combo,2199,1121.0,2026-07-16,Pune,Influencer,18-22
1049,701,4,1,1199.0,1199.0,490,2026-07-16 20:57:00,COD,Delivered,NONE,0,0.0,49,1199.0,1248.0,0,Acid Wash Tee,Noir,Tee,1199,576.0,2026-06-15,Nagpur,Google Ads,18-22
1050,702,7,1,1499.0,1499.0,35,2026-07-16 11:17:00,Prepaid,Cancelled,NONE,0,0.0,0,2498.0,2498.0,0,Sweatpants,Noir,Bottoms,1499,735.0,2025-10-11,Kolkata,Organic/Direct,18-22
1051,702,1,1,999.0,999.0,35,2026-07-16 11:17:00,Prepaid,Cancelled,NONE,0,0.0,0,2498.0,2498.0,0,Oversized Tee - Noir,Noir,Tee,999,519.0,2025-10-11,Kolkata,Organic/Direct,18-22
1052,703,9,1,999.0,999.0,567,2026-07-17 16:14:00,Prepaid,Delivered,NONE,0,0.0,0,999.0,999.0,0,Terry Shorts,Blanc,Bottoms,999,500.0,2026-07-17,Nagpur,Instagram Ads,23-27
1053,704,8,1,699.0,699.0,568,2026-07-17 14:00:00,COD,Delivered,NONE,0,0.0,49,699.0,748.0,0,Baseball Cap,Blanc,Accessory,699,384.0,2026-07-17,Mumbai,Influencer,28-34
1054,705,3,1,1299.0,1299.0,569,2026-07-17 12:32:00,COD,RTO,REF10,10,129.9,49,1299.0,1218.1,1,Terry Oversized Tee,Noir,Tee,1299,650.0,2026-07-17,Indore,Influencer,18-22
1055,706,4,1,1199.0,1199.0,213,2026-07-18 11:30:00,Prepaid,Delivered,FESTIVE20,20,239.8,0,1199.0,959.2,0,Acid Wash Tee,Noir,Tee,1199,576.0,2026-01-03,Hyderabad,Influencer,23-27
1056,707,4,1,1199.0,1199.0,368,2026-07-18 13:46:00,COD,Delivered,LAUNCH15,15,179.85,49,1199.0,1068.15,0,Acid Wash Tee,Noir,Tee,1199,576.0,2026-04-03,Nagpur,Referral,18-22
1057,708,2,1,999.0,999.0,290,2026-07-19 14:51:00,COD,Delivered,NONE,0,0.0,49,999.0,1048.0,0,Oversized Tee - Blanc,Blanc,Tee,999,519.0,2026-02-13,Kolkata,Instagram Ads,28-34
1058,709,2,1,999.0,999.0,570,2026-07-19 12:19:00,COD,Delivered,LAUNCH15,15,314.7,0,2098.0,1783.3,0,Oversized Tee - Blanc,Blanc,Tee,999,519.0,2026-07-19,Pune,Influencer,35+
1059,709,5,1,1099.0,1099.0,570,2026-07-19 12:19:00,COD,Delivered,LAUNCH15,15,314.7,0,2098.0,1783.3,0,Men's Polo,Blanc,Polo,1099,550.0,2026-07-19,Pune,Influencer,35+
1060,710,3,1,1299.0,1299.0,571,2026-07-20 20:11:00,Prepaid,Delivered,FESTIVE20,20,1159.4,0,5797.0,4637.6,0,Terry Oversized Tee,Noir,Tee,1299,650.0,2026-07-20,Indore,Instagram Ads,23-27
1061,710,10,1,2199.0,2199.0,571,2026-07-20 20:11:00,Prepaid,Delivered,FESTIVE20,20,1159.4,0,5797.0,4637.6,0,Noir Starter Combo,Noir,Combo,2199,1121.0,2026-07-20,Indore,Instagram Ads,23-27
1062,710,11,1,2299.0,2299.0,571,2026-07-20 20:11:00,Prepaid,Delivered,FESTIVE20,20,1159.4,0,5797.0,4637.6,0,Blanc Essentials Combo,Blanc,Combo,2299,1150.0,2026-07-20,Indore,Instagram Ads,23-27
1063,711,7,1,1499.0,1499.0,572,2026-07-20 14:41:00,Prepaid,Delivered,NONE,0,0.0,0,1499.0,1499.0,0,Sweatpants,Noir,Bottoms,1499,735.0,2026-07-20,Nagpur,Influencer,18-22
1064,712,4,1,1199.0,1199.0,573,2026-07-20 17:24:00,COD,Returned,NONE,0,0.0,0,2698.0,2698.0,0,Acid Wash Tee,Noir,Tee,1199,576.0,2026-07-20,Pune,Referral,28-34
1065,712,7,1,1499.0,1499.0,573,2026-07-20 17:24:00,COD,Returned,NONE,0,0.0,0,2698.0,2698.0,0,Sweatpants,Noir,Bottoms,1499,735.0,2026-07-20,Pune,Referral,28-34
1066,713,2,1,999.0,999.0,574,2026-07-20 12:19:00,COD,Delivered,NONE,0,0.0,49,999.0,1048.0,0,Oversized Tee - Blanc,Blanc,Tee,999,519.0,2026-07-20,Pune,Organic/Direct,23-27
1067,714,1,1,999.0,999.0,575,2026-07-20 23:06:00,COD,Delivered,NONE,0,0.0,49,999.0,1048.0,0,Oversized Tee - Noir,Noir,Tee,999,519.0,2026-07-20,Nagpur,Referral,18-22
1068,715,10,1,2199.0,2199.0,576,2026-07-21 10:00:00,COD,Delivered,WELCOME10,10,319.8,0,3198.0,2878.2,0,Noir Starter Combo,Noir,Combo,2199,1121.0,2026-07-21,Mumbai,Google Ads,18-22
1069,715,2,1,999.0,999.0,576,2026-07-21 10:00:00,COD,Delivered,WELCOME10,10,319.8,0,3198.0,2878.2,0,Oversized Tee - Blanc,Blanc,Tee,999,519.0,2026-07-21,Mumbai,Google Ads,18-22
1070,716,1,1,999.0,999.0,577,2026-07-21 13:04:00,COD,Returned,WELCOME10,10,99.9,49,999.0,948.1,0,Oversized Tee - Noir,Noir,Tee,999,519.0,2026-07-21,Pune,Influencer,18-22
1071,717,2,1,999.0,999.0,578,2026-07-21 20:44:00,COD,Returned,REF10,10,199.8,0,1998.0,1798.2,0,Oversized Tee - Blanc,Blanc,Tee,999,519.0,2026-07-21,Lucknow,Instagram Ads,23-27
1072,717,1,1,999.0,999.0,578,2026-07-21 20:44:00,COD,Returned,REF10,10,199.8,0,1998.0,1798.2,0,Oversized Tee - Noir,Noir,Tee,999,519.0,2026-07-21,Lucknow,Instagram Ads,23-27
1073,718,10,1,2199.0,2199.0,579,2026-07-22 14:20:00,COD,Cancelled,REF10,10,219.9,0,2199.0,1979.1,0,Noir Starter Combo,Noir,Combo,2199,1121.0,2026-07-22,Ahmedabad,Instagram Ads,18-22
1074,719,12,1,3499.0,3499.0,580,2026-07-23 17:00:00,COD,Delivered,NONE,0,0.0,0,3499.0,3499.0,0,Full Fit Combo,Noir,Combo,3499,1715.0,2026-07-23,Hyderabad,Referral,28-34
1075,720,5,1,1099.0,1099.0,581,2026-07-23 15:16:00,COD,RTO,NONE,0,0.0,49,1099.0,1148.0,1,Men's Polo,Blanc,Polo,1099,550.0,2026-07-23,Hyderabad,Organic/Direct,23-27
1076,721,7,1,1499.0,1499.0,147,2026-07-23 21:56:00,COD,Delivered,REF10,10,149.9,49,1499.0,1398.1,0,Sweatpants,Noir,Bottoms,1499,735.0,2025-12-11,Delhi,Instagram Ads,28-34
1077,722,1,1,999.0,999.0,582,2026-07-23 11:42:00,COD,Cancelled,WELCOME10,10,99.9,49,999.0,948.1,0,Oversized Tee - Noir,Noir,Tee,999,519.0,2026-07-23,Jaipur,Instagram Ads,18-22
1078,723,3,1,1299.0,1299.0,583,2026-07-24 10:35:00,Prepaid,Delivered,NONE,0,0.0,0,1299.0,1299.0,0,Terry Oversized Tee,Noir,Tee,1299,650.0,2026-07-24,Nashik,Influencer,18-22
1079,724,11,1,2299.0,2299.0,57,2026-07-24 11:01:00,Prepaid,Delivered,FESTIVE20,20,459.8,0,2299.0,1839.2,0,Blanc Essentials Combo,Blanc,Combo,2299,1150.0,2025-10-22,Indore,Organic/Direct,23-27
1080,725,11,1,2299.0,2299.0,584,2026-07-24 17:54:00,COD,Delivered,NONE,0,0.0,0,4997.0,4997.0,0,Blanc Essentials Combo,Blanc,Combo,2299,1150.0,2026-07-24,Mumbai,Organic/Direct,23-27
1081,725,7,1,1499.0,1499.0,584,2026-07-24 17:54:00,COD,Delivered,NONE,0,0.0,0,4997.0,4997.0,0,Sweatpants,Noir,Bottoms,1499,735.0,2026-07-24,Mumbai,Organic/Direct,23-27
1082,725,4,1,1199.0,1199.0,584,2026-07-24 17:54:00,COD,Delivered,NONE,0,0.0,0,4997.0,4997.0,0,Acid Wash Tee,Noir,Tee,1199,576.0,2026-07-24,Mumbai,Organic/Direct,23-27
1083,726,10,1,2199.0,2199.0,269,2026-07-24 21:06:00,COD,Returned,NONE,0,0.0,0,5698.0,5698.0,0,Noir Starter Combo,Noir,Combo,2199,1121.0,2026-01-31,Lucknow,Influencer,18-22
1084,726,12,1,3499.0,3499.0,269,2026-07-24 21:06:00,COD,Returned,NONE,0,0.0,0,5698.0,5698.0,0,Full Fit Combo,Noir,Combo,3499,1715.0,2026-01-31,Lucknow,Influencer,18-22
1085,727,7,2,1499.0,2998.0,585,2026-07-24 11:33:00,COD,Delivered,NONE,0,0.0,0,2998.0,2998.0,0,Sweatpants,Noir,Bottoms,1499,735.0,2026-07-24,Indore,Influencer,23-27
1086,728,5,1,1099.0,1099.0,586,2026-07-25 14:54:00,COD,Delivered,NONE,0,0.0,49,1099.0,1148.0,0,Men's Polo,Blanc,Polo,1099,550.0,2026-07-25,Nagpur,Google Ads,23-27
1087,729,1,1,999.0,999.0,530,2026-07-25 16:25:00,COD,Delivered,REF10,10,99.9,49,999.0,948.1,0,Oversized Tee - Noir,Noir,Tee,999,519.0,2026-06-29,Nagpur,Organic/Direct,23-27
1088,730,3,1,1299.0,1299.0,587,2026-07-26 21:05:00,COD,Delivered,NONE,0,0.0,49,1299.0,1348.0,0,Terry Oversized Tee,Noir,Tee,1299,650.0,2026-07-26,Pune,Referral,18-22
1089,731,1,1,999.0,999.0,588,2026-07-26 15:55:00,COD,Delivered,NONE,0,0.0,49,999.0,1048.0,0,Oversized Tee - Noir,Noir,Tee,999,519.0,2026-07-26,Ahmedabad,Organic/Direct,18-22
1090,732,7,1,1499.0,1499.0,589,2026-07-26 10:56:00,Prepaid,Delivered,NONE,0,0.0,0,1499.0,1499.0,0,Sweatpants,Noir,Bottoms,1499,735.0,2026-07-26,Indore,Instagram Ads,18-22
1091,733,7,1,1499.0,1499.0,273,2026-07-26 14:00:00,Prepaid,Delivered,WELCOME10,10,309.8,0,3098.0,2788.2,0,Sweatpants,Noir,Bottoms,1499,735.0,2026-02-02,Pune,Instagram Ads,23-27
1092,733,6,1,1599.0,1599.0,273,2026-07-26 14:00:00,Prepaid,Delivered,WELCOME10,10,309.8,0,3098.0,2788.2,0,Oversized Shirt,Noir,Shirt,1599,752.0,2026-02-02,Pune,Instagram Ads,23-27
1093,734,12,1,3499.0,3499.0,463,2026-07-26 13:17:00,COD,Delivered,REF10,10,449.8,0,4498.0,4048.2,0,Full Fit Combo,Noir,Combo,3499,1715.0,2026-05-29,Mumbai,Organic/Direct,18-22
1094,734,1,1,999.0,999.0,463,2026-07-26 13:17:00,COD,Delivered,REF10,10,449.8,0,4498.0,4048.2,0,Oversized Tee - Noir,Noir,Tee,999,519.0,2026-05-29,Mumbai,Organic/Direct,18-22
1095,735,11,1,2299.0,2299.0,53,2026-07-27 19:26:00,Prepaid,Delivered,NONE,0,0.0,0,2299.0,2299.0,0,Blanc Essentials Combo,Blanc,Combo,2299,1150.0,2025-10-19,Indore,Referral,18-22
1096,736,9,1,999.0,999.0,202,2026-07-27 12:44:00,COD,Delivered,WELCOME10,10,319.8,0,3198.0,2878.2,0,Terry Shorts,Blanc,Bottoms,999,500.0,2025-12-31,Ahmedabad,Google Ads,23-27
1097,736,10,1,2199.0,2199.0,202,2026-07-27 12:44:00,COD,Delivered,WELCOME10,10,319.8,0,3198.0,2878.2,0,Noir Starter Combo,Noir,Combo,2199,1121.0,2025-12-31,Ahmedabad,Google Ads,23-27
1098,737,10,1,2199.0,2199.0,590,2026-07-27 11:34:00,COD,Delivered,NONE,0,0.0,0,3298.0,3298.0,0,Noir Starter Combo,Noir,Combo,2199,1121.0,2026-07-27,Nagpur,Instagram Ads,18-22
1099,737,5,1,1099.0,1099.0,590,2026-07-27 11:34:00,COD,Delivered,NONE,0,0.0,0,3298.0,3298.0,0,Men's Polo,Blanc,Polo,1099,550.0,2026-07-27,Nagpur,Instagram Ads,18-22
1100,738,1,1,999.0,999.0,591,2026-07-27 16:56:00,Prepaid,Delivered,NONE,0,0.0,0,999.0,999.0,0,Oversized Tee - Noir,Noir,Tee,999,519.0,2026-07-27,Delhi,Referral,23-27
1101,739,3,1,1299.0,1299.0,592,2026-07-28 12:51:00,COD,Delivered,FESTIVE20,20,259.8,49,1299.0,1088.2,0,Terry Oversized Tee,Noir,Tee,1299,650.0,2026-07-28,Nashik,Google Ads,18-22
1102,740,11,1,2299.0,2299.0,83,2026-07-28 23:00:00,COD,Delivered,NONE,0,0.0,0,3598.0,3598.0,0,Blanc Essentials Combo,Blanc,Combo,2299,1150.0,2025-11-04,Nagpur,Referral,18-22
1103,740,3,1,1299.0,1299.0,83,2026-07-28 23:00:00,COD,Delivered,NONE,0,0.0,0,3598.0,3598.0,0,Terry Oversized Tee,Noir,Tee,1299,650.0,2025-11-04,Nagpur,Referral,18-22
1104,741,7,1,1499.0,1499.0,21,2026-07-28 15:58:00,COD,Delivered,NONE,0,0.0,0,4697.0,4697.0,0,Sweatpants,Noir,Bottoms,1499,735.0,2025-09-26,Ahmedabad,Instagram Ads,18-22
1105,741,1,1,999.0,999.0,21,2026-07-28 15:58:00,COD,Delivered,NONE,0,0.0,0,4697.0,4697.0,0,Oversized Tee - Noir,Noir,Tee,999,519.0,2025-09-26,Ahmedabad,Instagram Ads,18-22
1106,741,10,1,2199.0,2199.0,21,2026-07-28 15:58:00,COD,Delivered,NONE,0,0.0,0,4697.0,4697.0,0,Noir Starter Combo,Noir,Combo,2199,1121.0,2025-09-26,Ahmedabad,Instagram Ads,18-22
1107,742,12,1,3499.0,3499.0,593,2026-07-28 08:17:00,Prepaid,Delivered,NONE,0,0.0,0,3499.0,3499.0,0,Full Fit Combo,Noir,Combo,3499,1715.0,2026-07-28,Nashik,Referral,18-22
1108,743,9,1,999.0,999.0,594,2026-07-29 10:49:00,Prepaid,Delivered,NONE,0,0.0,0,2098.0,2098.0,0,Terry Shorts,Blanc,Bottoms,999,500.0,2026-07-29,Delhi,Instagram Ads,23-27
1109,743,5,1,1099.0,1099.0,594,2026-07-29 10:49:00,Prepaid,Delivered,NONE,0,0.0,0,2098.0,2098.0,0,Men's Polo,Blanc,Polo,1099,550.0,2026-07-29,Delhi,Instagram Ads,23-27
1110,744,11,1,2299.0,2299.0,595,2026-07-29 12:53:00,COD,Delivered,NONE,0,0.0,0,2299.0,2299.0,0,Blanc Essentials Combo,Blanc,Combo,2299,1150.0,2026-07-29,Bengaluru,Organic/Direct,18-22
1111,745,7,2,1499.0,2998.0,596,2026-07-31 20:46:00,Prepaid,Delivered,NONE,0,0.0,0,4297.0,4297.0,0,Sweatpants,Noir,Bottoms,1499,735.0,2026-07-31,Kolkata,Instagram Ads,18-22
1112,745,3,1,1299.0,1299.0,596,2026-07-31 20:46:00,Prepaid,Delivered,NONE,0,0.0,0,4297.0,4297.0,0,Terry Oversized Tee,Noir,Tee,1299,650.0,2026-07-31,Kolkata,Instagram Ads,18-22
1113,746,12,1,3499.0,3499.0,241,2026-08-01 11:38:00,Prepaid,Delivered,REF10,10,349.9,0,3499.0,3149.1,0,Full Fit Combo,Noir,Combo,3499,1715.0,2026-01-18,Bengaluru,Instagram Ads,23-27
1114,747,12,1,3499.0,3499.0,525,2026-08-01 16:34:00,Prepaid,Delivered,WELCOME10,10,449.8,0,4498.0,4048.2,0,Full Fit Combo,Noir,Combo,3499,1715.0,2026-06-28,Delhi,Instagram Ads,28-34
1115,747,2,1,999.0,999.0,525,2026-08-01 16:34:00,Prepaid,Delivered,WELCOME10,10,449.8,0,4498.0,4048.2,0,Oversized Tee - Blanc,Blanc,Tee,999,519.0,2026-06-28,Delhi,Instagram Ads,28-34
1116,748,6,1,1599.0,1599.0,597,2026-08-01 11:14:00,Prepaid,Delivered,NONE,0,0.0,0,5997.0,5997.0,0,Oversized Shirt,Noir,Shirt,1599,752.0,2026-08-01,Nagpur,Influencer,28-34
1117,748,10,2,2199.0,4398.0,597,2026-08-01 11:14:00,Prepaid,Delivered,NONE,0,0.0,0,5997.0,5997.0,0,Noir Starter Combo,Noir,Combo,2199,1121.0,2026-08-01,Nagpur,Influencer,28-34
1118,749,11,1,2299.0,2299.0,52,2026-08-03 23:28:00,COD,Delivered,LAUNCH15,15,344.85,0,2299.0,1954.15,0,Blanc Essentials Combo,Blanc,Combo,2299,1150.0,2025-10-18,Mumbai,Organic/Direct,23-27
1119,750,1,1,999.0,999.0,598,2026-08-03 18:14:00,Prepaid,Delivered,NONE,0,0.0,0,999.0,999.0,0,Oversized Tee - Noir,Noir,Tee,999,519.0,2026-08-03,Nashik,Instagram Ads,23-27
1120,751,5,1,1099.0,1099.0,437,2026-08-03 08:53:00,COD,Delivered,NONE,0,0.0,49,1099.0,1148.0,0,Men's Polo,Blanc,Polo,1099,550.0,2026-05-12,Nagpur,Google Ads,23-27
1121,752,6,1,1599.0,1599.0,47,2026-08-05 16:05:00,COD,RTO,LAUNCH15,15,239.85,49,1599.0,1408.15,1,Oversized Shirt,Noir,Shirt,1599,752.0,2025-10-17,Lucknow,Organic/Direct,23-27
1122,753,10,1,2199.0,2199.0,599,2026-08-06 20:28:00,Prepaid,Delivered,NONE,0,0.0,0,2199.0,2199.0,0,Noir Starter Combo,Noir,Combo,2199,1121.0,2026-08-06,Jaipur,Referral,23-27
1123,754,2,1,999.0,999.0,600,2026-08-06 18:17:00,COD,Delivered,NONE,0,0.0,49,999.0,1048.0,0,Oversized Tee - Blanc,Blanc,Tee,999,519.0,2026-08-06,Indore,Organic/Direct,28-34
1124,755,8,1,699.0,699.0,357,2026-08-06 08:22:00,COD,Returned,WELCOME10,10,69.9,49,699.0,678.1,0,Baseball Cap,Blanc,Accessory,699,384.0,2026-03-29,Kolkata,Google Ads,18-22
1125,756,4,1,1199.0,1199.0,601,2026-08-07 09:30:00,Prepaid,Delivered,NONE,0,0.0,0,1199.0,1199.0,0,Acid Wash Tee,Noir,Tee,1199,576.0,2026-08-07,Hyderabad,Influencer,35+
1126,757,10,2,2199.0,4398.0,262,2026-08-07 17:47:00,COD,RTO,NONE,0,0.0,0,4398.0,4398.0,1,Noir Starter Combo,Noir,Combo,2199,1121.0,2026-01-29,Indore,Influencer,23-27
1127,758,8,1,699.0,699.0,602,2026-08-08 14:28:00,Prepaid,Delivered,WELCOME10,10,419.8,0,4198.0,3778.2,0,Baseball Cap,Blanc,Accessory,699,384.0,2026-08-08,Hyderabad,Instagram Ads,28-34
1128,758,12,1,3499.0,3499.0,602,2026-08-08 14:28:00,Prepaid,Delivered,WELCOME10,10,419.8,0,4198.0,3778.2,0,Full Fit Combo,Noir,Combo,3499,1715.0,2026-08-08,Hyderabad,Instagram Ads,28-34
1129,759,7,1,1499.0,1499.0,603,2026-08-08 20:35:00,Prepaid,Delivered,FESTIVE20,20,299.8,0,1499.0,1199.2,0,Sweatpants,Noir,Bottoms,1499,735.0,2026-08-08,Mumbai,Influencer,23-27
1130,760,2,1,999.0,999.0,604,2026-08-08 16:00:00,COD,Delivered,REF10,10,99.9,49,999.0,948.1,0,Oversized Tee - Blanc,Blanc,Tee,999,519.0,2026-08-08,Delhi,Organic/Direct,23-27
1131,761,3,1,1299.0,1299.0,450,2026-08-09 12:22:00,COD,Delivered,NONE,0,0.0,49,1299.0,1348.0,0,Terry Oversized Tee,Noir,Tee,1299,650.0,2026-05-23,Ahmedabad,Google Ads,18-22
1132,762,4,2,1199.0,2398.0,317,2026-08-09 18:23:00,COD,Delivered,FESTIVE20,20,739.4,0,3697.0,2957.6,0,Acid Wash Tee,Noir,Tee,1199,576.0,2026-03-02,Mumbai,Influencer,28-34
1133,762,3,1,1299.0,1299.0,317,2026-08-09 18:23:00,COD,Delivered,FESTIVE20,20,739.4,0,3697.0,2957.6,0,Terry Oversized Tee,Noir,Tee,1299,650.0,2026-03-02,Mumbai,Influencer,28-34
1134,763,5,1,1099.0,1099.0,605,2026-08-09 12:33:00,COD,Delivered,NONE,0,0.0,49,1099.0,1148.0,0,Men's Polo,Blanc,Polo,1099,550.0,2026-08-09,Pune,Influencer,18-22
1135,764,4,1,1199.0,1199.0,408,2026-08-09 18:51:00,Prepaid,RTO,WELCOME10,10,119.9,0,1199.0,1079.1,1,Acid Wash Tee,Noir,Tee,1199,576.0,2026-04-29,Pune,Organic/Direct,18-22
1136,765,6,2,1599.0,3198.0,297,2026-08-10 08:34:00,Prepaid,Delivered,NONE,0,0.0,0,3198.0,3198.0,0,Oversized Shirt,Noir,Shirt,1599,752.0,2026-02-19,Mumbai,Organic/Direct,28-34
1137,766,8,2,699.0,1398.0,606,2026-08-10 23:53:00,Prepaid,Delivered,NONE,0,0.0,0,1398.0,1398.0,0,Baseball Cap,Blanc,Accessory,699,384.0,2026-08-10,Nagpur,Google Ads,23-27
1138,767,4,2,1199.0,2398.0,607,2026-08-10 08:59:00,COD,Delivered,NONE,0,0.0,0,2398.0,2398.0,0,Acid Wash Tee,Noir,Tee,1199,576.0,2026-08-10,Indore,Instagram Ads,23-27
1139,768,11,2,2299.0,4598.0,608,2026-08-10 16:11:00,COD,Delivered,NONE,0,0.0,0,4598.0,4598.0,0,Blanc Essentials Combo,Blanc,Combo,2299,1150.0,2026-08-10,Nagpur,Influencer,28-34
1140,769,8,1,699.0,699.0,213,2026-08-10 23:30:00,COD,Delivered,NONE,0,0.0,49,699.0,748.0,0,Baseball Cap,Blanc,Accessory,699,384.0,2026-01-03,Hyderabad,Influencer,23-27
1141,770,1,1,999.0,999.0,609,2026-08-10 15:51:00,Prepaid,Delivered,FESTIVE20,20,199.8,0,999.0,799.2,0,Oversized Tee - Noir,Noir,Tee,999,519.0,2026-08-10,Nagpur,Instagram Ads,18-22
1142,771,8,1,699.0,699.0,610,2026-08-11 14:44:00,Prepaid,Delivered,NONE,0,0.0,0,699.0,699.0,0,Baseball Cap,Blanc,Accessory,699,384.0,2026-08-11,Kolkata,Instagram Ads,18-22
1143,772,3,2,1299.0,2598.0,38,2026-08-11 08:59:00,Prepaid,Delivered,NONE,0,0.0,0,2598.0,2598.0,0,Terry Oversized Tee,Noir,Tee,1299,650.0,2025-10-12,Hyderabad,Instagram Ads,18-22
1144,773,9,2,999.0,1998.0,611,2026-08-11 11:40:00,Prepaid,Delivered,WELCOME10,10,419.7,0,4197.0,3777.3,0,Terry Shorts,Blanc,Bottoms,999,500.0,2026-08-11,Kolkata,Organic/Direct,23-27
1145,773,10,1,2199.0,2199.0,611,2026-08-11 11:40:00,Prepaid,Delivered,WELCOME10,10,419.7,0,4197.0,3777.3,0,Noir Starter Combo,Noir,Combo,2199,1121.0,2026-08-11,Kolkata,Organic/Direct,23-27
1146,774,3,1,1299.0,1299.0,612,2026-08-11 21:01:00,COD,Delivered,NONE,0,0.0,49,1299.0,1348.0,0,Terry Oversized Tee,Noir,Tee,1299,650.0,2026-08-11,Kolkata,Organic/Direct,35+
1147,775,4,1,1199.0,1199.0,613,2026-08-11 23:51:00,COD,RTO,NONE,0,0.0,49,1199.0,1248.0,1,Acid Wash Tee,Noir,Tee,1199,576.0,2026-08-11,Delhi,Influencer,35+
1148,776,3,1,1299.0,1299.0,614,2026-08-11 18:46:00,Prepaid,RTO,NONE,0,0.0,0,1299.0,1299.0,1,Terry Oversized Tee,Noir,Tee,1299,650.0,2026-08-11,Nagpur,Organic/Direct,23-27
1149,777,7,1,1499.0,1499.0,606,2026-08-12 21:18:00,COD,RTO,NONE,0,0.0,0,2498.0,2498.0,1,Sweatpants,Noir,Bottoms,1499,735.0,2026-08-10,Nagpur,Google Ads,23-27
1150,777,2,1,999.0,999.0,606,2026-08-12 21:18:00,COD,RTO,NONE,0,0.0,0,2498.0,2498.0,1,Oversized Tee - Blanc,Blanc,Tee,999,519.0,2026-08-10,Nagpur,Google Ads,23-27
1151,778,10,1,2199.0,2199.0,615,2026-08-12 17:27:00,COD,RTO,WELCOME10,10,219.9,0,2199.0,1979.1,1,Noir Starter Combo,Noir,Combo,2199,1121.0,2026-08-12,Jaipur,Influencer,23-27
1152,779,6,1,1599.0,1599.0,616,2026-08-13 16:40:00,COD,Delivered,NONE,0,0.0,0,2298.0,2298.0,0,Oversized Shirt,Noir,Shirt,1599,752.0,2026-08-13,Ahmedabad,Instagram Ads,18-22
1153,779,8,1,699.0,699.0,616,2026-08-13 16:40:00,COD,Delivered,NONE,0,0.0,0,2298.0,2298.0,0,Baseball Cap,Blanc,Accessory,699,384.0,2026-08-13,Ahmedabad,Instagram Ads,18-22
1154,780,9,1,999.0,999.0,617,2026-08-14 22:57:00,COD,RTO,NONE,0,0.0,49,999.0,1048.0,1,Terry Shorts,Blanc,Bottoms,999,500.0,2026-08-14,Delhi,Influencer,28-34
1155,781,5,1,1099.0,1099.0,112,2026-08-14 20:46:00,COD,Delivered,LAUNCH15,15,164.85,49,1099.0,983.15,0,Men's Polo,Blanc,Polo,1099,550.0,2025-11-17,Pune,Referral,18-22
1156,782,7,1,1499.0,1499.0,618,2026-08-15 17:44:00,Prepaid,Delivered,NONE,0,0.0,0,1499.0,1499.0,0,Sweatpants,Noir,Bottoms,1499,735.0,2026-08-15,Pune,Referral,28-34
1157,783,2,1,999.0,999.0,619,2026-08-15 18:26:00,COD,RTO,NONE,0,0.0,49,999.0,1048.0,1,Oversized Tee - Blanc,Blanc,Tee,999,519.0,2026-08-15,Nagpur,Google Ads,18-22
1158,784,12,1,3499.0,3499.0,620,2026-08-15 16:28:00,Prepaid,Delivered,NONE,0,0.0,0,7796.0,7796.0,0,Full Fit Combo,Noir,Combo,3499,1715.0,2026-08-15,Bengaluru,Organic/Direct,28-34
1159,784,11,1,2299.0,2299.0,620,2026-08-15 16:28:00,Prepaid,Delivered,NONE,0,0.0,0,7796.0,7796.0,0,Blanc Essentials Combo,Blanc,Combo,2299,1150.0,2026-08-15,Bengaluru,Organic/Direct,28-34
1160,784,1,2,999.0,1998.0,620,2026-08-15 16:28:00,Prepaid,Delivered,NONE,0,0.0,0,7796.0,7796.0,0,Oversized Tee - Noir,Noir,Tee,999,519.0,2026-08-15,Bengaluru,Organic/Direct,28-34
1161,785,7,1,1499.0,1499.0,621,2026-08-16 13:20:00,COD,Delivered,LAUNCH15,15,224.85,49,1499.0,1323.15,0,Sweatpants,Noir,Bottoms,1499,735.0,2026-08-16,Delhi,Influencer,18-22
1162,786,11,1,2299.0,2299.0,258,2026-08-16 14:52:00,Prepaid,Delivered,WELCOME10,10,349.8,0,3498.0,3148.2,0,Blanc Essentials Combo,Blanc,Combo,2299,1150.0,2026-01-28,Mumbai,Organic/Direct,23-27
1163,786,4,1,1199.0,1199.0,258,2026-08-16 14:52:00,Prepaid,Delivered,WELCOME10,10,349.8,0,3498.0,3148.2,0,Acid Wash Tee,Noir,Tee,1199,576.0,2026-01-28,Mumbai,Organic/Direct,23-27
1164,787,11,2,2299.0,4598.0,622,2026-08-16 14:21:00,Prepaid,Delivered,NONE,0,0.0,0,4598.0,4598.0,0,Blanc Essentials Combo,Blanc,Combo,2299,1150.0,2026-08-16,Indore,Influencer,28-34
1165,788,9,1,999.0,999.0,264,2026-08-16 14:29:00,COD,Cancelled,NONE,0,0.0,49,999.0,1048.0,0,Terry Shorts,Blanc,Bottoms,999,500.0,2026-01-30,Hyderabad,Instagram Ads,35+
1166,789,9,1,999.0,999.0,623,2026-08-17 19:28:00,COD,Delivered,NONE,0,0.0,0,3097.0,3097.0,0,Terry Shorts,Blanc,Bottoms,999,500.0,2026-08-17,Hyderabad,Influencer,18-22
1167,789,2,1,999.0,999.0,623,2026-08-17 19:28:00,COD,Delivered,NONE,0,0.0,0,3097.0,3097.0,0,Oversized Tee - Blanc,Blanc,Tee,999,519.0,2026-08-17,Hyderabad,Influencer,18-22
1168,789,5,1,1099.0,1099.0,623,2026-08-17 19:28:00,COD,Delivered,NONE,0,0.0,0,3097.0,3097.0,0,Men's Polo,Blanc,Polo,1099,550.0,2026-08-17,Hyderabad,Influencer,18-22
1169,790,2,1,999.0,999.0,624,2026-08-17 10:16:00,Prepaid,Delivered,NONE,0,0.0,0,999.0,999.0,0,Oversized Tee - Blanc,Blanc,Tee,999,519.0,2026-08-17,Kolkata,Influencer,23-27
1170,791,3,1,1299.0,1299.0,625,2026-08-17 18:04:00,COD,Delivered,NONE,0,0.0,0,2298.0,2298.0,0,Terry Oversized Tee,Noir,Tee,1299,650.0,2026-08-17,Indore,Organic/Direct,23-27
1171,791,1,1,999.0,999.0,625,2026-08-17 18:04:00,COD,Delivered,NONE,0,0.0,0,2298.0,2298.0,0,Oversized Tee - Noir,Noir,Tee,999,519.0,2026-08-17,Indore,Organic/Direct,23-27
1172,792,1,1,999.0,999.0,92,2026-08-18 11:08:00,COD,Delivered,FESTIVE20,20,199.8,49,999.0,848.2,0,Oversized Tee - Noir,Noir,Tee,999,519.0,2025-11-09,Nagpur,Organic/Direct,28-34
1173,793,1,1,999.0,999.0,626,2026-08-18 15:04:00,COD,Delivered,NONE,0,0.0,49,999.0,1048.0,0,Oversized Tee - Noir,Noir,Tee,999,519.0,2026-08-18,Nagpur,Influencer,18-22
1174,794,12,1,3499.0,3499.0,412,2026-08-19 15:35:00,Prepaid,Delivered,FESTIVE20,20,699.8,0,3499.0,2799.2,0,Full Fit Combo,Noir,Combo,3499,1715.0,2026-05-02,Jaipur,Instagram Ads,18-22
1175,795,12,1,3499.0,3499.0,627,2026-08-19 10:30:00,COD,Delivered,NONE,0,0.0,0,4498.0,4498.0,0,Full Fit Combo,Noir,Combo,3499,1715.0,2026-08-19,Bengaluru,Organic/Direct,18-22
1176,795,1,1,999.0,999.0,627,2026-08-19 10:30:00,COD,Delivered,NONE,0,0.0,0,4498.0,4498.0,0,Oversized Tee - Noir,Noir,Tee,999,519.0,2026-08-19,Bengaluru,Organic/Direct,18-22
1177,796,10,1,2199.0,2199.0,628,2026-08-20 17:36:00,COD,RTO,NONE,0,0.0,0,2199.0,2199.0,1,Noir Starter Combo,Noir,Combo,2199,1121.0,2026-08-20,Ahmedabad,Influencer,23-27
1178,797,9,1,999.0,999.0,629,2026-08-21 13:30:00,Prepaid,Delivered,REF10,10,99.9,0,999.0,899.1,0,Terry Shorts,Blanc,Bottoms,999,500.0,2026-08-21,Nagpur,Google Ads,23-27
1179,798,8,1,699.0,699.0,42,2026-08-21 16:45:00,COD,Delivered,NONE,0,0.0,49,699.0,748.0,0,Baseball Cap,Blanc,Accessory,699,384.0,2025-10-16,Bengaluru,Instagram Ads,23-27
1180,799,3,1,1299.0,1299.0,273,2026-08-21 21:00:00,Prepaid,Delivered,NONE,0,0.0,0,2697.0,2697.0,0,Terry Oversized Tee,Noir,Tee,1299,650.0,2026-02-02,Pune,Instagram Ads,23-27
1181,799,8,2,699.0,1398.0,273,2026-08-21 21:00:00,Prepaid,Delivered,NONE,0,0.0,0,2697.0,2697.0,0,Baseball Cap,Blanc,Accessory,699,384.0,2026-02-02,Pune,Instagram Ads,23-27
1182,800,6,1,1599.0,1599.0,630,2026-08-22 14:21:00,Prepaid,Delivered,NONE,0,0.0,0,1599.0,1599.0,0,Oversized Shirt,Noir,Shirt,1599,752.0,2026-08-22,Mumbai,Organic/Direct,28-34
1183,801,9,1,999.0,999.0,631,2026-08-22 17:15:00,COD,Delivered,NONE,0,0.0,49,999.0,1048.0,0,Terry Shorts,Blanc,Bottoms,999,500.0,2026-08-22,Hyderabad,Instagram Ads,28-34
1184,802,7,1,1499.0,1499.0,625,2026-08-22 10:46:00,COD,Delivered,NONE,0,0.0,0,3197.0,3197.0,0,Sweatpants,Noir,Bottoms,1499,735.0,2026-08-17,Indore,Organic/Direct,23-27
1185,802,8,1,699.0,699.0,625,2026-08-22 10:46:00,COD,Delivered,NONE,0,0.0,0,3197.0,3197.0,0,Baseball Cap,Blanc,Accessory,699,384.0,2026-08-17,Indore,Organic/Direct,23-27
1186,802,1,1,999.0,999.0,625,2026-08-22 10:46:00,COD,Delivered,NONE,0,0.0,0,3197.0,3197.0,0,Oversized Tee - Noir,Noir,Tee,999,519.0,2026-08-17,Indore,Organic/Direct,23-27
1187,803,11,1,2299.0,2299.0,281,2026-08-22 13:29:00,Prepaid,Delivered,NONE,0,0.0,0,2299.0,2299.0,0,Blanc Essentials Combo,Blanc,Combo,2299,1150.0,2026-02-07,Nagpur,Organic/Direct,28-34
1188,804,11,2,2299.0,4598.0,532,2026-08-23 09:31:00,Prepaid,Delivered,NONE,0,0.0,0,4598.0,4598.0,0,Blanc Essentials Combo,Blanc,Combo,2299,1150.0,2026-06-30,Delhi,Organic/Direct,18-22
1189,805,1,1,999.0,999.0,405,2026-08-23 14:47:00,Prepaid,Delivered,NONE,0,0.0,0,2498.0,2498.0,0,Oversized Tee - Noir,Noir,Tee,999,519.0,2026-04-28,Indore,Instagram Ads,18-22
1190,805,7,1,1499.0,1499.0,405,2026-08-23 14:47:00,Prepaid,Delivered,NONE,0,0.0,0,2498.0,2498.0,0,Sweatpants,Noir,Bottoms,1499,735.0,2026-04-28,Indore,Instagram Ads,18-22
1191,806,6,1,1599.0,1599.0,632,2026-08-23 13:17:00,COD,Delivered,NONE,0,0.0,0,3798.0,3798.0,0,Oversized Shirt,Noir,Shirt,1599,752.0,2026-08-23,Bengaluru,Instagram Ads,18-22
1192,806,10,1,2199.0,2199.0,632,2026-08-23 13:17:00,COD,Delivered,NONE,0,0.0,0,3798.0,3798.0,0,Noir Starter Combo,Noir,Combo,2199,1121.0,2026-08-23,Bengaluru,Instagram Ads,18-22
1193,807,1,1,999.0,999.0,36,2026-08-23 08:03:00,COD,Delivered,NONE,0,0.0,49,999.0,1048.0,0,Oversized Tee - Noir,Noir,Tee,999,519.0,2025-10-11,Lucknow,Referral,18-22
1194,808,12,1,3499.0,3499.0,633,2026-08-23 16:04:00,Prepaid,Delivered,NONE,0,0.0,0,3499.0,3499.0,0,Full Fit Combo,Noir,Combo,3499,1715.0,2026-08-23,Bengaluru,Instagram Ads,28-34
1195,809,10,1,2199.0,2199.0,634,2026-08-24 13:36:00,Prepaid,Delivered,NONE,0,0.0,0,2199.0,2199.0,0,Noir Starter Combo,Noir,Combo,2199,1121.0,2026-08-24,Bengaluru,Influencer,23-27
1196,810,7,1,1499.0,1499.0,330,2026-08-24 19:09:00,Prepaid,Delivered,REF10,10,369.8,0,3698.0,3328.2,0,Sweatpants,Noir,Bottoms,1499,735.0,2026-03-09,Mumbai,Instagram Ads,28-34
1197,810,10,1,2199.0,2199.0,330,2026-08-24 19:09:00,Prepaid,Delivered,REF10,10,369.8,0,3698.0,3328.2,0,Noir Starter Combo,Noir,Combo,2199,1121.0,2026-03-09,Mumbai,Instagram Ads,28-34
1198,811,1,1,999.0,999.0,635,2026-08-24 17:19:00,Prepaid,Delivered,LAUNCH15,15,374.7,0,2498.0,2123.3,0,Oversized Tee - Noir,Noir,Tee,999,519.0,2026-08-24,Nashik,Instagram Ads,18-22
1199,811,7,1,1499.0,1499.0,635,2026-08-24 17:19:00,Prepaid,Delivered,LAUNCH15,15,374.7,0,2498.0,2123.3,0,Sweatpants,Noir,Bottoms,1499,735.0,2026-08-24,Nashik,Instagram Ads,18-22
1200,812,2,1,999.0,999.0,333,2026-08-24 21:35:00,Prepaid,Returned,NONE,0,0.0,0,2298.0,2298.0,0,Oversized Tee - Blanc,Blanc,Tee,999,519.0,2026-03-13,Delhi,Referral,23-27
1201,812,3,1,1299.0,1299.0,333,2026-08-24 21:35:00,Prepaid,Returned,NONE,0,0.0,0,2298.0,2298.0,0,Terry Oversized Tee,Noir,Tee,1299,650.0,2026-03-13,Delhi,Referral,23-27
1202,813,3,1,1299.0,1299.0,636,2026-08-25 12:04:00,COD,Delivered,WELCOME10,10,249.8,0,2498.0,2248.2,0,Terry Oversized Tee,Noir,Tee,1299,650.0,2026-08-25,Kolkata,Instagram Ads,23-27
1203,813,4,1,1199.0,1199.0,636,2026-08-25 12:04:00,COD,Delivered,WELCOME10,10,249.8,0,2498.0,2248.2,0,Acid Wash Tee,Noir,Tee,1199,576.0,2026-08-25,Kolkata,Instagram Ads,23-27
1204,814,11,1,2299.0,2299.0,637,2026-08-25 17:05:00,COD,Delivered,FESTIVE20,20,939.4,0,4697.0,3757.6,0,Blanc Essentials Combo,Blanc,Combo,2299,1150.0,2026-08-25,Indore,Influencer,23-27
1205,814,4,2,1199.0,2398.0,637,2026-08-25 17:05:00,COD,Delivered,FESTIVE20,20,939.4,0,4697.0,3757.6,0,Acid Wash Tee,Noir,Tee,1199,576.0,2026-08-25,Indore,Influencer,23-27
1206,815,9,1,999.0,999.0,638,2026-08-25 09:12:00,Prepaid,Delivered,LAUNCH15,15,764.4,0,5096.0,4331.6,0,Terry Shorts,Blanc,Bottoms,999,500.0,2026-08-25,Nagpur,Influencer,23-27
1207,815,5,1,1099.0,1099.0,638,2026-08-25 09:12:00,Prepaid,Delivered,LAUNCH15,15,764.4,0,5096.0,4331.6,0,Men's Polo,Blanc,Polo,1099,550.0,2026-08-25,Nagpur,Influencer,23-27
1208,815,7,2,1499.0,2998.0,638,2026-08-25 09:12:00,Prepaid,Delivered,LAUNCH15,15,764.4,0,5096.0,4331.6,0,Sweatpants,Noir,Bottoms,1499,735.0,2026-08-25,Nagpur,Influencer,23-27
1209,816,10,1,2199.0,2199.0,186,2026-08-26 11:52:00,COD,Delivered,NONE,0,0.0,0,2199.0,2199.0,0,Noir Starter Combo,Noir,Combo,2199,1121.0,2025-12-26,Ahmedabad,Organic/Direct,18-22
1210,817,2,1,999.0,999.0,639,2026-08-26 14:52:00,COD,Delivered,LAUNCH15,15,149.85,49,999.0,898.15,0,Oversized Tee - Blanc,Blanc,Tee,999,519.0,2026-08-26,Nashik,Organic/Direct,18-22
1211,818,1,1,999.0,999.0,640,2026-08-26 13:33:00,Prepaid,Delivered,FESTIVE20,20,659.6,0,3298.0,2638.4,0,Oversized Tee - Noir,Noir,Tee,999,519.0,2026-08-26,Delhi,Google Ads,23-27
1212,818,11,1,2299.0,2299.0,640,2026-08-26 13:33:00,Prepaid,Delivered,FESTIVE20,20,659.6,0,3298.0,2638.4,0,Blanc Essentials Combo,Blanc,Combo,2299,1150.0,2026-08-26,Delhi,Google Ads,23-27
1213,819,1,1,999.0,999.0,57,2026-08-27 18:31:00,Prepaid,Delivered,NONE,0,0.0,0,999.0,999.0,0,Oversized Tee - Noir,Noir,Tee,999,519.0,2025-10-22,Indore,Organic/Direct,23-27
1214,820,4,1,1199.0,1199.0,166,2026-08-27 09:24:00,COD,Delivered,NONE,0,0.0,0,2198.0,2198.0,0,Acid Wash Tee,Noir,Tee,1199,576.0,2025-12-20,Nagpur,Instagram Ads,23-27
1215,820,9,1,999.0,999.0,166,2026-08-27 09:24:00,COD,Delivered,NONE,0,0.0,0,2198.0,2198.0,0,Terry Shorts,Blanc,Bottoms,999,500.0,2025-12-20,Nagpur,Instagram Ads,23-27
1216,821,7,1,1499.0,1499.0,530,2026-08-27 08:22:00,COD,Delivered,NONE,0,0.0,0,1499.0,1499.0,0,Sweatpants,Noir,Bottoms,1499,735.0,2026-06-29,Nagpur,Organic/Direct,23-27
1217,822,1,1,999.0,999.0,583,2026-08-28 13:20:00,Prepaid,Delivered,NONE,0,0.0,0,999.0,999.0,0,Oversized Tee - Noir,Noir,Tee,999,519.0,2026-07-24,Nashik,Influencer,18-22
1218,823,7,1,1499.0,1499.0,641,2026-08-28 14:30:00,Prepaid,RTO,REF10,10,149.9,0,1499.0,1349.1,1,Sweatpants,Noir,Bottoms,1499,735.0,2026-08-28,Bengaluru,Instagram Ads,28-34
1219,824,9,1,999.0,999.0,642,2026-08-29 10:57:00,Prepaid,Delivered,NONE,0,0.0,0,2098.0,2098.0,0,Terry Shorts,Blanc,Bottoms,999,500.0,2026-08-29,Delhi,Influencer,28-34
1220,824,5,1,1099.0,1099.0,642,2026-08-29 10:57:00,Prepaid,Delivered,NONE,0,0.0,0,2098.0,2098.0,0,Men's Polo,Blanc,Polo,1099,550.0,2026-08-29,Delhi,Influencer,28-34
1221,825,3,1,1299.0,1299.0,643,2026-08-30 19:57:00,Prepaid,RTO,NONE,0,0.0,0,4396.0,4396.0,1,Terry Oversized Tee,Noir,Tee,1299,650.0,2026-08-30,Nagpur,Instagram Ads,35+
1222,825,4,2,1199.0,2398.0,643,2026-08-30 19:57:00,Prepaid,RTO,NONE,0,0.0,0,4396.0,4396.0,1,Acid Wash Tee,Noir,Tee,1199,576.0,2026-08-30,Nagpur,Instagram Ads,35+
1223,825,8,1,699.0,699.0,643,2026-08-30 19:57:00,Prepaid,RTO,NONE,0,0.0,0,4396.0,4396.0,1,Baseball Cap,Blanc,Accessory,699,384.0,2026-08-30,Nagpur,Instagram Ads,35+
1224,826,4,1,1199.0,1199.0,644,2026-08-30 14:01:00,COD,Delivered,WELCOME10,10,119.9,49,1199.0,1128.1,0,Acid Wash Tee,Noir,Tee,1199,576.0,2026-08-30,Nagpur,Google Ads,23-27
1225,827,12,1,3499.0,3499.0,645,2026-08-30 13:06:00,COD,Delivered,FESTIVE20,20,1159.4,0,5797.0,4637.6,0,Full Fit Combo,Noir,Combo,3499,1715.0,2026-08-30,Indore,Influencer,23-27
1226,827,4,1,1199.0,1199.0,645,2026-08-30 13:06:00,COD,Delivered,FESTIVE20,20,1159.4,0,5797.0,4637.6,0,Acid Wash Tee,Noir,Tee,1199,576.0,2026-08-30,Indore,Influencer,23-27
1227,827,5,1,1099.0,1099.0,645,2026-08-30 13:06:00,COD,Delivered,FESTIVE20,20,1159.4,0,5797.0,4637.6,0,Men's Polo,Blanc,Polo,1099,550.0,2026-08-30,Indore,Influencer,23-27
1228,828,11,2,2299.0,4598.0,78,2026-08-30 16:01:00,Prepaid,Delivered,NONE,0,0.0,0,4598.0,4598.0,0,Blanc Essentials Combo,Blanc,Combo,2299,1150.0,2025-11-02,Nagpur,Influencer,35+
1229,829,1,1,999.0,999.0,646,2026-08-30 09:03:00,Prepaid,Delivered,WELCOME10,10,479.7,0,4797.0,4317.3,0,Oversized Tee - Noir,Noir,Tee,999,519.0,2026-08-30,Pune,Influencer,28-34
1230,829,7,1,1499.0,1499.0,646,2026-08-30 09:03:00,Prepaid,Delivered,WELCOME10,10,479.7,0,4797.0,4317.3,0,Sweatpants,Noir,Bottoms,1499,735.0,2026-08-30,Pune,Influencer,28-34
1231,829,11,1,2299.0,2299.0,646,2026-08-30 09:03:00,Prepaid,Delivered,WELCOME10,10,479.7,0,4797.0,4317.3,0,Blanc Essentials Combo,Blanc,Combo,2299,1150.0,2026-08-30,Pune,Influencer,28-34
1232,830,3,1,1299.0,1299.0,647,2026-08-30 16:10:00,Prepaid,Delivered,NONE,0,0.0,0,1299.0,1299.0,0,Terry Oversized Tee,Noir,Tee,1299,650.0,2026-08-30,Pune,Organic/Direct,18-22
1233,831,12,1,3499.0,3499.0,415,2026-08-31 19:09:00,COD,Delivered,NONE,0,0.0,0,4498.0,4498.0,0,Full Fit Combo,Noir,Combo,3499,1715.0,2026-05-03,Indore,Instagram Ads,23-27
1234,831,1,1,999.0,999.0,415,2026-08-31 19:09:00,COD,Delivered,NONE,0,0.0,0,4498.0,4498.0,0,Oversized Tee - Noir,Noir,Tee,999,519.0,2026-05-03,Indore,Instagram Ads,23-27
1235,832,10,1,2199.0,2199.0,421,2026-08-31 21:49:00,COD,RTO,NONE,0,0.0,0,3498.0,3498.0,1,Noir Starter Combo,Noir,Combo,2199,1121.0,2026-05-07,Lucknow,Google Ads,23-27
1236,832,3,1,1299.0,1299.0,421,2026-08-31 21:49:00,COD,RTO,NONE,0,0.0,0,3498.0,3498.0,1,Terry Oversized Tee,Noir,Tee,1299,650.0,2026-05-07,Lucknow,Google Ads,23-27
1237,833,2,1,999.0,999.0,648,2026-08-31 14:55:00,Prepaid,Returned,NONE,0,0.0,0,3297.0,3297.0,0,Oversized Tee - Blanc,Blanc,Tee,999,519.0,2026-08-31,Kolkata,Instagram Ads,23-27
1238,833,1,1,999.0,999.0,648,2026-08-31 14:55:00,Prepaid,Returned,NONE,0,0.0,0,3297.0,3297.0,0,Oversized Tee - Noir,Noir,Tee,999,519.0,2026-08-31,Kolkata,Instagram Ads,23-27
1239,833,3,1,1299.0,1299.0,648,2026-08-31 14:55:00,Prepaid,Returned,NONE,0,0.0,0,3297.0,3297.0,0,Terry Oversized Tee,Noir,Tee,1299,650.0,2026-08-31,Kolkata,Instagram Ads,23-27
1240,834,5,1,1099.0,1099.0,189,2026-08-31 12:56:00,Prepaid,Delivered,NONE,0,0.0,0,1099.0,1099.0,0,Men's Polo,Blanc,Polo,1099,550.0,2025-12-27,Indore,Referral,18-22
1241,835,7,1,1499.0,1499.0,623,2026-08-31 22:01:00,Prepaid,Delivered,NONE,0,0.0,0,2498.0,2498.0,0,Sweatpants,Noir,Bottoms,1499,735.0,2026-08-17,Hyderabad,Influencer,18-22
1242,835,1,1,999.0,999.0,623,2026-08-31 22:01:00,Prepaid,Delivered,NONE,0,0.0,0,2498.0,2498.0,0,Oversized Tee - Noir,Noir,Tee,999,519.0,2026-08-17,Hyderabad,Influencer,18-22
